gsis_id,role
00-0025424,S
00-0026189,UNKNOWN
00-0026190,IDL
00-0026564,IDL
00-0026982,LB
00-0026990,S
00-0027136,S
00-0027539,S
00-0027647,S
00-0027662,EDGE
00-0027686,IDL
00-0027691,UNKNOWN
00-0027701,EDGE
00-0027723,IDL
00-0027855,IDL
00-0027856,IDL
00-0027860,CB
00-0027862,IDL
00-0027865,EDGE
00-0027867,EDGE
00-0027872,S
00-0027881,EDGE
00-0027885,IDL
00-0027914,S
00-0027940,EDGE
00-0027943,CB
00-0027949,IDL
00-0027952,EDGE
00-0027954,EDGE
00-0027962,EDGE
00-0027965,CB
00-0027969,IDL
00-0027975,EDGE
00-0028008,EDGE
00-0028037,LB
00-0028063,UNKNOWN
00-0028075,CB
00-0028092,CB
00-0028103,EDGE
00-0028180,LB
00-0028278,LB
00-0028292,LB
00-0028339,EDGE
00-0028908,S
00-0029061,LB
00-0029193,EDGE
00-0029239,UNKNOWN
00-0029255,LB
00-0029269,UNKNOWN
00-0029284,IDL
00-0029285,CB
00-0029410,S
00-0029412,EDGE
00-0029530,CB
00-0029542,CB
00-0029560,CB
00-0029562,LB
00-0029568,IDL
00-0029570,S
00-0029577,LB
00-0029585,EDGE
00-0029606,S
00-0029607,LB
00-0029630,IDL
00-0029643,EDGE
00-0029647,LB
00-0029653,IDL
00-0029657,IDL
00-0029669,LB
00-0029681,CB
00-0029747,S
00-0029794,LB
00-0029799,EDGE
00-0029890,IDL
00-0029901,CB
00-0029955,LB
00-0030010,EDGE
00-0030062,CB
00-0030063,IDL
00-0030064,LB
00-0030070,IDL
00-0030083,UNKNOWN
00-0030090,S
00-0030114,S
00-0030148,IDL
00-0030155,UNKNOWN
00-0030161,S
00-0030196,S
00-0030228,CB
00-0030294,S
00-0030312,S
00-0030380,EDGE
00-0030382,LB
00-0030383,S
00-0030386,IDL
00-0030387,EDGE
00-0030402,IDL
00-0030411,S
00-0030431,UNKNOWN
00-0030442,EDGE
00-0030449,IDL
00-0030455,IDL
00-0030456,UNKNOWN
00-0030459,S
00-0030463,LB
00-0030471,S
00-0030500,IDL
00-0030503,EDGE
00-0030506,UNKNOWN
00-0030511,IDL
00-0030527,LB
00-0030528,CB
00-0030562,CB
00-0030572,CB
00-0030573,IDL
00-0030575,CB
00-0030578,UNKNOWN
00-0030665,S
00-0030757,IDL
00-0030761,LB
00-0030883,EDGE
00-0030968,UNKNOWN
00-0030986,EDGE
00-0031016,CB
00-0031040,EDGE
00-0031041,CB
00-0031052,CB
00-0031054,IDL
00-0031061,CB
00-0031071,IDL
00-0031097,CB
00-0031101,EDGE
00-0031105,IDL
00-0031130,EDGE
00-0031175,EDGE
00-0031176,CB
00-0031177,IDL
00-0031181,S
00-0031241,EDGE
00-0031242,IDL
00-0031253,CB
00-0031254,EDGE
00-0031256,LB
00-0031258,EDGE
00-0031264,EDGE
00-0031269,CB
00-0031270,IDL
00-0031296,LB
00-0031297,EDGE
00-0031298,S
00-0031299,UNKNOWN
00-0031308,LB
00-0031331,CB
00-0031333,S
00-0031334,CB
00-0031338,S
00-0031346,IDL
00-0031348,LB
00-0031357,CB
00-0031360,EDGE
00-0031361,LB
00-0031364,EDGE
00-0031372,CB
00-0031376,UNKNOWN
00-0031380,CB
00-0031388,IDL
00-0031389,S
00-0031404,S
00-0031500,EDGE
00-0031546,CB
00-0031550,LB
00-0031551,IDL
00-0031553,LB
00-0031554,LB
00-0031555,S
00-0031556,EDGE
00-0031557,IDL
00-0031565,EDGE
00-0031566,EDGE
00-0031576,EDGE
00-0031583,IDL
00-0031584,S
00-0031587,S
00-0031595,UNKNOWN
00-0031596,LB
00-0031597,CB
00-0031608,S
00-0031615,IDL
00-0031619,IDL
00-0031628,CB
00-0031636,IDL
00-0031713,IDL
00-0031740,LB
00-0031763,UNKNOWN
00-0031785,CB
00-0031787,UNKNOWN
00-0031795,IDL
00-0031796,CB
00-0031799,S
00-0031838,EDGE
00-0031844,S
00-0031856,LB
00-0031870,S
00-0031898,LB
00-0031904,CB
00-0031933,IDL
00-0031935,EDGE
00-0031947,IDL
00-0031957,IDL
00-0031991,CB
00-0032052,EDGE
00-0032057,S
00-0032059,S
00-0032081,LB
00-0032094,LB
00-0032098,UNKNOWN
00-0032103,LB
00-0032107,IDL
00-0032109,LB
00-0032116,IDL
00-0032127,EDGE
00-0032128,UNKNOWN
00-0032129,LB
00-0032143,IDL
00-0032146,EDGE
00-0032150,CB
00-0032162,IDL
00-0032164,IDL
00-0032165,CB
00-0032195,CB
00-0032197,EDGE
00-0032210,EDGE
00-0032211,UNKNOWN
00-0032215,LB
00-0032239,CB
00-0032261,IDL
00-0032262,S
00-0032269,EDGE
00-0032320,S
00-0032366,LB
00-0032378,IDL
00-0032379,CB
00-0032382,S
00-0032387,IDL
00-0032388,LB
00-0032389,CB
00-0032399,LB
00-0032401,LB
00-0032402,IDL
00-0032403,S
00-0032408,LB
00-0032410,CB
00-0032412,IDL
00-0032415,EDGE
00-0032416,IDL
00-0032437,LB
00-0032438,CB
00-0032442,LB
00-0032448,EDGE
00-0032450,UNKNOWN
00-0032454,S
00-0032463,IDL
00-0032480,EDGE
00-0032496,S
00-0032518,IDL
00-0032521,CB
00-0032525,S
00-0032560,HYBRID
00-0032573,LB
00-0032574,IDL
00-0032578,IDL
00-0032580,CB
00-0032592,S
00-0032637,S
00-0032655,EDGE
00-0032660,IDL
00-0032667,IDL
00-0032671,IDL
00-0032677,LB
00-0032725,UNKNOWN
00-0032734,EDGE
00-0032759,IDL
00-0032761,IDL
00-0032762,IDL
00-0032763,IDL
00-0032765,S
00-0032770,CB
00-0032772,CB
00-0032773,LB
00-0032774,S
00-0032775,UNKNOWN
00-0032781,IDL
00-0032786,CB
00-0032790,S
00-0032803,CB
00-0032807,S
00-0032809,LB
00-0032848,CB
00-0032871,IDL
00-0032875,CB
00-0032888,S
00-0032889,IDL
00-0032890,CB
00-0032891,CB
00-0032892,LB
00-0032897,UNKNOWN
00-0032918,UNKNOWN
00-0032939,S
00-0032942,CB
00-0032952,EDGE
00-0032955,EDGE
00-0032958,S
00-0032967,IDL
00-0032968,LB
00-0032970,EDGE
00-0032971,S
00-0033010,IDL
00-0033038,S
00-0033046,EDGE
00-0033047,CB
00-0033050,CB
00-0033051,IDL
00-0033052,LB
00-0033053,S
00-0033055,CB
00-0033058,LB
00-0033059,CB
00-0033064,IDL
00-0033066,IDL
00-0033072,EDGE
00-0033073,EDGE
00-0033083,S
00-0033084,CB
00-0033093,IDL
00-0033096,EDGE
00-0033103,CB
00-0033109,IDL
00-0033120,IDL
00-0033123,EDGE
00-0033125,LB
00-0033129,EDGE
00-0033131,IDL
00-0033132,S
00-0033156,EDGE
00-0033251,UNKNOWN
00-0033281,CB
00-0033283,EDGE
00-0033289,CB
00-0033292,UNKNOWN
00-0033294,S
00-0033297,IDL
00-0033298,EDGE
00-0033302,S
00-0033324,EDGE
00-0033336,LB
00-0033344,LB
00-0033347,IDL
00-0033357,UNKNOWN
00-0033367,UNKNOWN
00-0033381,IDL
00-0033387,UNKNOWN
00-0033392,LB
00-0033393,CB
00-0033403,EDGE
00-0033405,CB
00-0033430,CB
00-0033435,CB
00-0033445,LB
00-0033452,LB
00-0033461,LB
00-0033463,EDGE
00-0033467,UNKNOWN
00-0033469,IDL
00-0033481,UNKNOWN
00-0033503,CB
00-0033512,S
00-0033523,IDL
00-0033524,CB
00-0033525,EDGE
00-0033539,LB
00-0033540,EDGE
00-0033541,EDGE
00-0033544,CB
00-0033545,S
00-0033546,IDL
00-0033547,LB
00-0033548,CB
00-0033549,LB
00-0033551,CB
00-0033555,UNKNOWN
00-0033557,LB
00-0033563,IDL
00-0033568,CB
00-0033571,LB
00-0033577,LB
00-0033579,S
00-0033580,LB
00-0033582,IDL
00-0033588,EDGE
00-0033589,UNKNOWN
00-0033591,UNKNOWN
00-0033592,CB
00-0033598,IDL
00-0033649,S
00-0033697,CB
00-0033716,LB
00-0033725,UNKNOWN
00-0033734,S
00-0033746,EDGE
00-0033765,LB
00-0033770,CB
00-0033782,EDGE
00-0033783,CB
00-0033784,S
00-0033790,LB
00-0033791,S
00-0033792,S
00-0033854,UNKNOWN
00-0033860,IDL
00-0033868,EDGE
00-0033870,IDL
00-0033872,S
00-0033874,CB
00-0033875,EDGE
00-0033876,EDGE
00-0033877,S
00-0033878,CB
00-0033880,EDGE
00-0033883,S
00-0033884,CB
00-0033886,EDGE
00-0033890,S
00-0033892,S
00-0033894,S
00-0033902,EDGE
00-0033903,S
00-0033905,IDL
00-0033907,EDGE
00-0033908,UNKNOWN
00-0033912,EDGE
00-0033913,IDL
00-0033914,LB
00-0033917,EDGE
00-0033918,CB
00-0033920,EDGE
00-0033926,CB
00-0033928,CB
00-0033929,IDL
00-0033930,CB
00-0033935,EDGE
00-0033939,EDGE
00-0033940,IDL
00-0033941,S
00-0033945,EDGE
00-0033952,IDL
00-0033954,LB
00-0033956,LB
00-0033963,IDL
00-0033964,EDGE
00-0033969,EDGE
00-0033973,LB
00-0034019,IDL
00-0034054,UNKNOWN
00-0034071,CB
00-0034073,UNKNOWN
00-0034088,CB
00-0034091,S
00-0034096,CB
00-0034104,UNKNOWN
00-0034111,S
00-0034116,S
00-0034125,IDL
00-0034132,UNKNOWN
00-0034139,LB
00-0034145,CB
00-0034154,EDGE
00-0034185,IDL
00-0034203,CB
00-0034204,EDGE
00-0034234,IDL
00-0034248,S
00-0034251,IDL
00-0034263,S
00-0034264,IDL
00-0034265,CB
00-0034266,LB
00-0034274,CB
00-0034277,S
00-0034278,CB
00-0034285,IDL
00-0034286,UNKNOWN
00-0034296,LB
00-0034297,UNKNOWN
00-0034302,LB
00-0034310,CB
00-0034318,IDL
00-0034320,IDL
00-0034325,IDL
00-0034333,IDL
00-0034334,UNKNOWN
00-0034335,LB
00-0034344,EDGE
00-0034350,EDGE
00-0034354,EDGE
00-0034355,S
00-0034356,CB
00-0034357,CB
00-0034359,EDGE
00-0034360,EDGE
00-0034361,S
00-0034363,IDL
00-0034367,UNKNOWN
00-0034368,LB
00-0034371,IDL
00-0034372,LB
00-0034373,EDGE
00-0034374,S
00-0034375,LB
00-0034376,CB
00-0034377,CB
00-0034381,EDGE
00-0034384,CB
00-0034385,LB
00-0034386,UNKNOWN
00-0034387,IDL
00-0034388,CB
00-0034389,S
00-0034391,CB
00-0034394,IDL
00-0034396,LB
00-0034397,IDL
00-0034404,EDGE
00-0034418,UNKNOWN
00-0034419,UNKNOWN
00-0034424,LB
00-0034430,LB
00-0034431,LB
00-0034433,UNKNOWN
00-0034435,CB
00-0034440,UNKNOWN
00-0034446,CB
00-0034449,UNKNOWN
00-0034461,IDL
00-0034465,S
00-0034468,CB
00-0034473,EDGE
00-0034485,S
00-0034487,UNKNOWN
00-0034488,CB
00-0034490,LB
00-0034496,S
00-0034500,LB
00-0034502,CB
00-0034511,EDGE
00-0034514,CB
00-0034515,CB
00-0034516,CB
00-0034527,S
00-0034533,S
00-0034540,CB
00-0034545,CB
00-0034573,CB
00-0034587,IDL
00-0034588,EDGE
00-0034590,IDL
00-0034591,CB
00-0034594,S
00-0034607,S
00-0034612,EDGE
00-0034623,S
00-0034639,CB
00-0034641,IDL
00-0034646,UNKNOWN
00-0034657,IDL
00-0034659,EDGE
00-0034662,S
00-0034673,LB
00-0034674,LB
00-0034677,IDL
00-0034680,S
00-0034682,EDGE
00-0034683,CB
00-0034720,LB
00-0034723,IDL
00-0034726,S
00-0034728,CB
00-0034730,LB
00-0034736,S
00-0034743,LB
00-0034745,S
00-0034746,IDL
00-0034751,CB
00-0034754,LB
00-0034756,CB
00-0034760,IDL
00-0034773,IDL
00-0034779,S
00-0034780,CB
00-0034781,LB
00-0034782,IDL
00-0034787,LB
00-0034789,S
00-0034792,CB
00-0034796,CB
00-0034797,LB
00-0034800,IDL
00-0034801,LB
00-0034804,UNKNOWN
00-0034805,EDGE
00-0034806,LB
00-0034807,EDGE
00-0034810,IDL
00-0034812,LB
00-0034813,EDGE
00-0034815,LB
00-0034818,IDL
00-0034825,EDGE
00-0034831,EDGE
00-0034832,EDGE
00-0034834,EDGE
00-0034835,LB
00-0034839,CB
00-0034842,IDL
00-0034843,CB
00-0034846,LB
00-0034854,UNKNOWN
00-0034856,CB
00-0034858,S
00-0034860,UNKNOWN
00-0034867,UNKNOWN
00-0034874,LB
00-0034887,LB
00-0034902,LB
00-0034903,CB
00-0034944,LB
00-0034954,EDGE
00-0034959,UNKNOWN
00-0034966,CB
00-0034967,EDGE
00-0034968,S
00-0034969,EDGE
00-0034973,EDGE
00-0034974,S
00-0034977,S
00-0034981,UNKNOWN
00-0034982,LB
00-0034983,UNKNOWN
00-0034984,IDL
00-0034987,LB
00-0034990,CB
00-0034992,IDL
00-0034993,S
00-0034996,UNKNOWN
00-0034997,EDGE
00-0034999,LB
00-0035000,EDGE
00-0035020,LB
00-0035021,UNKNOWN
00-0035022,UNKNOWN
00-0035026,IDL
00-0035045,UNKNOWN
00-0035048,EDGE
00-0035073,IDL
00-0035076,LB
00-0035094,IDL
00-0035099,UNKNOWN
00-0035133,CB
00-0035135,EDGE
00-0035139,CB
00-0035142,CB
00-0035147,CB
00-0035150,CB
00-0035157,LB
00-0035164,UNKNOWN
00-0035166,LB
00-0035179,IDL
00-0035184,UNKNOWN
00-0035202,LB
00-0035208,UNKNOWN
00-0035210,UNKNOWN
00-0035215,UNKNOWN
00-0035219,IDL
00-0035223,LB
00-0035227,S
00-0035230,IDL
00-0035231,IDL
00-0035239,CB
00-0035240,LB
00-0035241,CB
00-0035247,IDL
00-0035248,IDL
00-0035253,S
00-0035254,EDGE
00-0035255,CB
00-0035260,IDL
00-0035262,LB
00-0035265,EDGE
00-0035270,CB
00-0035272,EDGE
00-0035273,UNKNOWN
00-0035276,LB
00-0035277,CB
00-0035278,IDL
00-0035279,EDGE
00-0035281,EDGE
00-0035286,LB
00-0035290,S
00-0035291,UNKNOWN
00-0035292,CB
00-0035293,CB
00-0035294,CB
00-0035298,UNKNOWN
00-0035301,S
00-0035304,UNKNOWN
00-0035306,EDGE
00-0035307,UNKNOWN
00-0035315,IDL
00-0035316,LB
00-0035327,S
00-0035330,EDGE
00-0035334,IDL
00-0035343,IDL
00-0035346,CB
00-0035352,LB
00-0035356,UNKNOWN
00-0035357,S
00-0035363,LB
00-0035365,CB
00-0035370,CB
00-0035373,LB
00-0035375,S
00-0035378,S
00-0035386,LB
00-0035390,IDL
00-0035393,CB
00-0035399,UNKNOWN
00-0035402,EDGE
00-0035404,EDGE
00-0035409,IDL
00-0035412,LB
00-0035413,LB
00-0035422,CB
00-0035423,EDGE
00-0035437,S
00-0035444,LB
00-0035455,IDL
00-0035500,UNKNOWN
00-0035507,EDGE
00-0035513,EDGE
00-0035518,IDL
00-0035519,IDL
00-0035521,EDGE
00-0035525,LB
00-0035530,S
00-0035531,EDGE
00-0035532,S
00-0035533,IDL
00-0035538,EDGE
00-0035541,IDL
00-0035542,CB
00-0035549,LB
00-0035573,CB
00-0035591,EDGE
00-0035593,UNKNOWN
00-0035594,UNKNOWN
00-0035600,IDL
00-0035607,IDL
00-0035609,LB
00-0035617,LB
00-0035625,S
00-0035629,IDL
00-0035632,S
00-0035633,CB
00-0035636,IDL
00-0035637,CB
00-0035638,CB
00-0035642,EDGE
00-0035643,IDL
00-0035645,UNKNOWN
00-0035646,LB
00-0035647,EDGE
00-0035650,CB
00-0035651,EDGE
00-0035654,EDGE
00-0035655,CB
00-0035656,IDL
00-0035663,S
00-0035667,IDL
00-0035669,S
00-0035670,LB
00-0035672,LB
00-0035674,IDL
00-0035676,UNKNOWN
00-0035677,S
00-0035678,IDL
00-0035680,LB
00-0035681,S
00-0035683,IDL
00-0035687,LB
00-0035692,EDGE
00-0035693,S
00-0035695,CB
00-0035696,CB
00-0035697,LB
00-0035699,CB
00-0035703,UNKNOWN
00-0035705,S
00-0035707,LB
00-0035708,EDGE
00-0035713,EDGE
00-0035717,EDGE
00-0035718,IDL
00-0035763,IDL
00-0035783,CB
00-0035795,CB
00-0035804,LB
00-0035806,UNKNOWN
00-0035808,S
00-0035822,IDL
00-0035830,S
00-0035841,IDL
00-0035850,EDGE
00-0035857,IDL
00-0035862,CB
00-0035880,CB
00-0035890,IDL
00-0035895,LB
00-0035900,LB
00-0035903,EDGE
00-0035906,EDGE
00-0035908,UNKNOWN
00-0035910,IDL
00-0035916,IDL
00-0035924,UNKNOWN
00-0035925,CB
00-0035927,IDL
00-0035928,IDL
00-0035933,EDGE
00-0035942,LB
00-0035944,IDL
00-0035946,IDL
00-0035950,S
00-0035961,LB
00-0035962,S
00-0035965,EDGE
00-0035971,EDGE
00-0035979,UNKNOWN
00-0035984,LB
00-0035985,IDL
00-0035987,UNKNOWN
00-0035995,CB
00-0035998,UNKNOWN
00-0036002,S
00-0036007,IDL
00-0036010,S
00-0036011,CB
00-0036028,LB
00-0036029,EDGE
00-0036037,S
00-0036043,CB
00-0036045,EDGE
00-0036050,IDL
00-0036056,S
00-0036059,UNKNOWN
00-0036068,EDGE
00-0036076,EDGE
00-0036081,IDL
00-0036086,EDGE
00-0036087,CB
00-0036090,LB
00-0036111,CB
00-0036118,S
00-0036124,CB
00-0036127,S
00-0036130,IDL
00-0036137,EDGE
00-0036139,UNKNOWN
00-0036147,S
00-0036149,CB
00-0036151,EDGE
00-0036152,CB
00-0036157,LB
00-0036159,EDGE
00-0036166,CB
00-0036167,LB
00-0036181,IDL
00-0036182,UNKNOWN
00-0036187,UNKNOWN
00-0036189,S
00-0036192,EDGE
00-0036193,EDGE
00-0036196,UNKNOWN
00-0036199,S
00-0036203,LB
00-0036204,IDL
00-0036205,EDGE
00-0036213,IDL
00-0036216,EDGE
00-0036219,UNKNOWN
00-0036220,IDL
00-0036221,S
00-0036222,CB
00-0036224,EDGE
00-0036229,LB
00-0036231,S
00-0036233,UNKNOWN
00-0036235,LB
00-0036237,IDL
00-0036238,IDL
00-0036239,EDGE
00-0036240,CB
00-0036241,CB
00-0036247,UNKNOWN
00-0036249,EDGE
00-0036250,UNKNOWN
00-0036253,S
00-0036260,IDL
00-0036261,UNKNOWN
00-0036262,IDL
00-0036266,IDL
00-0036270,LB
00-0036274,CB
00-0036276,LB
00-0036280,LB
00-0036282,S
00-0036283,S
00-0036285,CB
00-0036286,EDGE
00-0036287,CB
00-0036288,EDGE
00-0036289,IDL
00-0036291,IDL
00-0036292,CB
00-0036293,S
00-0036294,LB
00-0036296,EDGE
00-0036298,LB
00-0036300,LB
00-0036302,S
00-0036303,CB
00-0036304,CB
00-0036305,EDGE
00-0036306,S
00-0036307,CB
00-0036311,IDL
00-0036314,LB
00-0036316,CB
00-0036321,EDGE
00-0036323,LB
00-0036329,S
00-0036330,CB
00-0036331,UNKNOWN
00-0036332,UNKNOWN
00-0036333,EDGE
00-0036335,EDGE
00-0036337,IDL
00-0036338,LB
00-0036341,EDGE
00-0036343,LB
00-0036344,CB
00-0036348,S
00-0036350,EDGE
00-0036351,EDGE
00-0036352,IDL
00-0036356,LB
00-0036358,UNKNOWN
00-0036359,CB
00-0036361,CB
00-0036363,S
00-0036366,IDL
00-0036368,LB
00-0036371,IDL
00-0036373,IDL
00-0036374,CB
00-0036375,CB
00-0036379,EDGE
00-0036380,S
00-0036387,UNKNOWN
00-0036388,S
00-0036390,CB
00-0036393,LB
00-0036394,CB
00-0036395,S
00-0036401,LB
00-0036402,EDGE
00-0036403,EDGE
00-0036405,CB
00-0036409,LB
00-0036411,S
00-0036413,EDGE
00-0036416,CB
00-0036418,LB
00-0036419,EDGE
00-0036420,IDL
00-0036421,S
00-0036424,UNKNOWN
00-0036425,UNKNOWN
00-0036426,EDGE
00-0036428,LB
00-0036429,UNKNOWN
00-0036430,IDL
00-0036431,S
00-0036432,LB
00-0036434,LB
00-0036440,EDGE
00-0036444,IDL
00-0036447,IDL
00-0036450,UNKNOWN
00-0036462,CB
00-0036465,EDGE
00-0036479,EDGE
00-0036480,EDGE
00-0036486,UNKNOWN
00-0036497,UNKNOWN
00-0036500,LB
00-0036501,CB
00-0036502,S
00-0036503,LB
00-0036504,CB
00-0036505,IDL
00-0036506,CB
00-0036507,IDL
00-0036511,LB
00-0036517,EDGE
00-0036526,UNKNOWN
00-0036530,CB
00-0036537,IDL
00-0036546,CB
00-0036552,EDGE
00-0036558,IDL
00-0036559,CB
00-0036562,EDGE
00-0036563,CB
00-0036564,S
00-0036568,IDL
00-0036570,CB
00-0036571,UNKNOWN
00-0036573,CB
00-0036576,IDL
00-0036587,CB
00-0036589,CB
00-0036590,UNKNOWN
00-0036611,IDL
00-0036614,LB
00-0036615,CB
00-0036617,CB
00-0036621,LB
00-0036624,IDL
00-0036625,CB
00-0036629,S
00-0036630,UNKNOWN
00-0036632,EDGE
00-0036633,S
00-0036634,LB
00-0036635,UNKNOWN
00-0036637,UNKNOWN
00-0036638,S
00-0036643,LB
00-0036644,LB
00-0036645,CB
00-0036646,UNKNOWN
00-0036648,LB
00-0036649,IDL
00-0036656,S
00-0036658,LB
00-0036661,S
00-0036664,EDGE
00-0036666,EDGE
00-0036668,IDL
00-0036671,UNKNOWN
00-0036672,LB
00-0036677,S
00-0036678,CB
00-0036682,EDGE
00-0036683,S
00-0036689,IDL
00-0036695,IDL
00-0036700,IDL
00-0036704,LB
00-0036705,EDGE
00-0036711,EDGE
00-0036716,LB
00-0036724,UNKNOWN
00-0036725,EDGE
00-0036728,LB
00-0036730,EDGE
00-0036747,EDGE
00-0036748,CB
00-0036752,CB
00-0036764,S
00-0036767,IDL
00-0036775,LB
00-0036777,S
00-0036780,IDL
00-0036788,IDL
00-0036792,CB
00-0036802,LB
00-0036813,LB
00-0036831,EDGE
00-0036841,UNKNOWN
00-0036843,IDL
00-0036844,LB
00-0036845,EDGE
00-0036846,S
00-0036850,EDGE
00-0036851,IDL
00-0036853,S
00-0036855,IDL
00-0036857,UNKNOWN
00-0036862,UNKNOWN
00-0036863,EDGE
00-0036867,EDGE
00-0036868,EDGE
00-0036870,LB
00-0036871,CB
00-0036872,S
00-0036874,CB
00-0036876,UNKNOWN
00-0036877,UNKNOWN
00-0036878,EDGE
00-0036881,IDL
00-0036882,LB
00-0036883,IDL
00-0036884,CB
00-0036885,CB
00-0036888,S
00-0036896,EDGE
00-0036897,CB
00-0036899,CB
00-0036901,CB
00-0036902,EDGE
00-0036903,IDL
00-0036904,CB
00-0036908,CB
00-0036909,IDL
00-0036914,EDGE
00-0036915,LB
00-0036916,IDL
00-0036917,CB
00-0036919,UNKNOWN
00-0036920,IDL
00-0036921,EDGE
00-0036922,EDGE
00-0036925,LB
00-0036926,EDGE
00-0036927,LB
00-0036932,EDGE
00-0036933,EDGE
00-0036934,EDGE
00-0036935,CB
00-0036936,UNKNOWN
00-0036937,CB
00-0036938,EDGE
00-0036940,EDGE
00-0036941,S
00-0036942,IDL
00-0036944,CB
00-0036948,IDL
00-0036949,EDGE
00-0036950,UNKNOWN
00-0036952,EDGE
00-0036954,IDL
00-0036956,CB
00-0036959,UNKNOWN
00-0036961,S
00-0036962,S
00-0036964,LB
00-0036967,EDGE
00-0036974,CB
00-0036978,EDGE
00-0036981,IDL
00-0036982,EDGE
00-0036986,CB
00-0036987,CB
00-0036989,EDGE
00-0036990,LB
00-0036991,UNKNOWN
00-0036992,CB
00-0036993,S
00-0036994,LB
00-0036995,EDGE
00-0036996,CB
00-0036998,S
00-0037000,LB
00-0037003,LB
00-0037004,UNKNOWN
00-0037008,CB
00-0033898,S
00-0034769,IDL
00-0035098,S
00-0035754,EDGE
00-0036148,IDL
00-0037034,CB
00-0037043,EDGE
00-0037046,IDL
00-0037051,IDL
00-0037052,IDL
00-0037057,EDGE
00-0037061,EDGE
00-0037073,IDL
00-0037074,LB
00-0037075,IDL
00-0037080,EDGE
00-0037082,EDGE
00-0037083,EDGE
00-0037084,EDGE
00-0037086,UNKNOWN
00-0037090,S
00-0037094,IDL
00-0037095,CB
00-0037096,S
00-0037106,CB
00-0037109,LB
00-0037112,UNKNOWN
00-0037129,CB
00-0037130,S
00-0037132,UNKNOWN
00-0037136,CB
00-0037137,CB
00-0037141,S
00-0037153,LB
00-0037155,S
00-0037168,UNKNOWN
00-0037175,CB
00-0037179,EDGE
00-0037181,IDL
00-0037190,CB
00-0037191,CB
00-0037192,EDGE
00-0037193,S
00-0037195,CB
00-0037198,CB
00-0037202,EDGE
00-0037203,IDL
00-0037205,S
00-0037208,LB
00-0037222,S
00-0037235,EDGE
00-0037236,EDGE
00-0037237,CB
00-0037242,CB
00-0037244,LB
00-0037245,S
00-0037246,S
00-0037249,EDGE
00-0037251,EDGE
00-0037253,CB
00-0037254,LB
00-0037259,LB
00-0037261,UNKNOWN
00-0037263,HYBRID
00-0037264,S
00-0037268,CB
00-0037269,IDL
00-0037270,IDL
00-0037271,LB
00-0037272,UNKNOWN
00-0037274,IDL
00-0037275,CB
00-0037277,UNKNOWN
00-0037280,IDL
00-0037281,LB
00-0037283,IDL
00-0037288,CB
00-0037289,LB
00-0037291,UNKNOWN
00-0037293,LB
00-0037294,IDL
00-0037296,CB
00-0037298,IDL
00-0037301,S
00-0037303,IDL
00-0037307,CB
00-0037310,EDGE
00-0037311,UNKNOWN
00-0037312,LB
00-0037313,CB
00-0037314,EDGE
00-0037315,EDGE
00-0037316,LB
00-0037317,UNKNOWN
00-0037318,LB
00-0037319,UNKNOWN
00-0037320,CB
00-0037321,CB
00-0037330,EDGE
00-0037332,S
00-0037336,UNKNOWN
00-0037348,UNKNOWN
00-0037353,CB
00-0037354,S
00-0037356,IDL
00-0037363,IDL
00-0037364,EDGE
00-0037373,CB
00-0037375,IDL
00-0037377,S
00-0037383,LB
00-0037384,CB
00-0037387,UNKNOWN
00-0037392,IDL
00-0037395,CB
00-0037415,CB
00-0037429,UNKNOWN
00-0037431,EDGE
00-0037445,IDL
00-0037447,EDGE
00-0037457,LB
00-0037459,IDL
00-0037461,S
00-0037468,S
00-0037469,LB
00-0037474,EDGE
00-0037475,UNKNOWN
00-0037481,LB
00-0037487,UNKNOWN
00-0037488,S
00-0037491,LB
00-0037493,S
00-0037499,EDGE
00-0037503,LB
00-0037512,S
00-0037515,EDGE
00-0037516,UNKNOWN
00-0037517,LB
00-0037521,S
00-0037522,S
00-0037525,UNKNOWN
00-0037526,LB
00-0037527,LB
00-0037535,CB
00-0037536,CB
00-0037539,UNKNOWN
00-0037544,LB
00-0037545,UNKNOWN
00-0037549,CB
00-0037560,LB
00-0037561,S
00-0037569,UNKNOWN
00-0037573,CB
00-0037578,S
00-0037585,IDL
00-0037587,LB
00-0037593,CB
00-0037596,LB
00-0037602,EDGE
00-0037603,IDL
00-0037611,EDGE
00-0037614,UNKNOWN
00-0037615,LB
00-0037616,S
00-0037617,UNKNOWN
00-0037621,IDL
00-0037627,IDL
00-0037637,EDGE
00-0037638,EDGE
00-0037639,LB
00-0037660,IDL
00-0037661,CB
00-0037662,IDL
00-0037665,EDGE
00-0037666,UNKNOWN
00-0037667,S
00-0037741,UNKNOWN
00-0037744,UNKNOWN
00-0037747,CB
00-0037751,EDGE
00-0037752,S
00-0037753,CB
00-0037756,IDL
00-0037759,EDGE
00-0037760,EDGE
00-0037801,UNKNOWN
00-0037808,EDGE
00-0037810,LB
00-0037811,LB
00-0037813,LB
00-0037815,EDGE
00-0037819,LB
00-0037823,LB
00-0037826,EDGE
00-0037832,IDL
00-0037833,CB
00-0037839,CB
00-0037841,S
00-0037842,CB
00-0037843,EDGE
00-0037844,S
00-0037984,CB
00-0038038,S
00-0038039,CB
00-0038043,CB
00-0038091,S
00-0038099,IDL
00-0038100,S
00-0038101,CB
00-0038105,CB
00-0038106,IDL
00-0038107,EDGE
00-0038111,CB
00-0038113,LB
00-0038116,EDGE
00-0038119,CB
00-0038121,CB
00-0038123,S
00-0038125,CB
00-0038126,IDL
00-0038127,IDL
00-0038133,EDGE
00-0038135,S
00-0038136,S
00-0038142,EDGE
00-0038348,CB
00-0038359,UNKNOWN
00-0038368,S
00-0038386,IDL
00-0038387,IDL
00-0038388,CB
00-0038390,IDL
00-0038395,CB
00-0038398,IDL
00-0038401,CB
00-0038403,CB
00-0038404,EDGE
00-0038405,IDL
00-0038407,CB
00-0038408,CB
00-0038411,S
00-0038412,IDL
00-0038414,S
00-0038423,EDGE
00-0038462,EDGE
00-0038463,EDGE
00-0038468,UNKNOWN
00-0038470,S
00-0038475,S
00-0038477,UNKNOWN
00-0038479,LB
00-0038482,S
00-0038487,CB
00-0038488,UNKNOWN
00-0038489,LB
00-0038493,LB
00-0038498,UNKNOWN
00-0038499,LB
00-0038504,LB
00-0038505,EDGE
00-0038506,IDL
00-0038513,LB
00-0038514,EDGE
00-0038523,CB
00-0038535,EDGE
00-0038541,EDGE
00-0038545,IDL
00-0038546,EDGE
00-0038549,CB
00-0038552,CB
00-0038553,LB
00-0038554,S
00-0038555,UNKNOWN
00-0038556,LB
00-0038557,LB
00-0038560,S
00-0038561,IDL
00-0038565,CB
00-0038568,CB
00-0038570,LB
00-0038572,IDL
00-0038573,UNKNOWN
00-0038574,EDGE
00-0038576,UNKNOWN
00-0038577,EDGE
00-0038578,S
00-0038580,EDGE
00-0038581,EDGE
00-0038584,IDL
00-0038585,CB
00-0038587,S
00-0038588,S
00-0038591,IDL
00-0038594,CB
00-0038596,CB
00-0038597,UNKNOWN
00-0038599,LB
00-0038600,LB
00-0038602,HYBRID
00-0038603,EDGE
00-0038605,IDL
00-0038606,UNKNOWN
00-0038611,UNKNOWN
00-0038613,S
00-0038614,IDL
00-0038616,CB
00-0038617,LB
00-0038623,IDL
00-0038624,CB
00-0038625,LB
00-0038628,S
00-0038634,IDL
00-0038635,EDGE
00-0038636,UNKNOWN
00-0038639,CB
00-0038640,UNKNOWN
00-0038641,CB
00-0038643,UNKNOWN
00-0038644,S
00-0038646,CB
00-0038648,LB
00-0038653,IDL
00-0038655,CB
00-0038657,S
00-0038660,EDGE
00-0038661,EDGE
00-0038663,CB
00-0038666,EDGE
00-0038674,CB
00-0038682,EDGE
00-0038684,CB
00-0038694,IDL
00-0038696,S
00-0038711,LB
00-0038715,S
00-0038717,CB
00-0038724,EDGE
00-0038728,UNKNOWN
00-0038735,UNKNOWN
00-0038737,EDGE
00-0038738,UNKNOWN
00-0038742,EDGE
00-0038752,UNKNOWN
00-0038753,UNKNOWN
00-0038765,S
00-0038782,EDGE
00-0038783,HYBRID
00-0038788,CB
00-0038791,EDGE
00-0038795,IDL
00-0038801,EDGE
00-0038807,LB
00-0038811,CB
00-0038812,CB
00-0038819,CB
00-0038820,CB
00-0038823,S
00-0038835,EDGE
00-0038841,UNKNOWN
00-0038845,S
00-0038848,S
00-0038850,IDL
00-0038851,EDGE
00-0038856,EDGE
00-0038865,EDGE
00-0038866,S
00-0038877,CB
00-0038890,LB
00-0038908,LB
00-0038922,LB
00-0038935,UNKNOWN
00-0038937,IDL
00-0038939,IDL
00-0038940,IDL
00-0038951,UNKNOWN
00-0038956,CB
00-0038958,EDGE
00-0038961,CB
00-0038966,CB
00-0038976,UNKNOWN
00-0038978,EDGE
00-0038980,EDGE
00-0038982,CB
00-0038984,CB
00-0038985,IDL
00-0038986,CB
00-0038995,IDL
00-0039000,CB
00-0039002,S
00-0039003,LB
00-0039006,EDGE
00-0039007,CB
00-0039009,EDGE
00-0039013,EDGE
00-0039018,LB
00-0039031,IDL
00-0039038,LB
00-0039045,IDL
00-0039047,EDGE
00-0039049,LB
00-0039051,CB
00-0039052,UNKNOWN
00-0039053,EDGE
00-0039054,S
00-0039061,IDL
00-0039063,IDL
00-0039068,EDGE
00-0039070,IDL
00-0039071,CB
00-0039072,CB
00-0039076,EDGE
00-0039108,EDGE
00-0039110,IDL
00-0039111,EDGE
00-0039112,EDGE
00-0039133,CB
00-0039134,CB
00-0039135,EDGE
00-0039136,UNKNOWN
00-0039137,EDGE
00-0039138,IDL
00-0039140,CB
00-0039141,CB
00-0039142,EDGE
00-0039143,EDGE
00-0039147,CB
00-0039148,EDGE
00-0039149,S
00-0039151,CB
00-0039155,EDGE
00-0039167,CB
00-0039169,CB
00-0037799,EDGE
00-0038778,IDL
00-0039232,CB
00-0039234,UNKNOWN
00-0039235,S
00-0039236,UNKNOWN
00-0039241,S
00-0039284,EDGE
00-0039285,S
00-0039289,IDL
00-0039291,EDGE
00-0039292,CB
00-0039306,UNKNOWN
00-0039309,IDL
00-0039312,CB
00-0039313,LB
00-0039318,LB
00-0039324,CB
00-0039333,CB
00-0039340,EDGE
00-0039343,CB
00-0039345,CB
00-0039346,LB
00-0039347,LB
00-0039352,LB
00-0039353,CB
00-0039354,IDL
00-0039355,UNKNOWN
00-0039357,CB
00-0039360,S
00-0039365,UNKNOWN
00-0039366,CB
00-0039367,EDGE
00-0039368,LB
00-0039369,CB
00-0039370,LB
00-0039371,CB
00-0039372,CB
00-0039374,LB
00-0039375,CB
00-0039377,LB
00-0039378,CB
00-0039380,CB
00-0039382,EDGE
00-0039385,UNKNOWN
00-0039387,CB
00-0039394,UNKNOWN
00-0039396,IDL
00-0039400,IDL
00-0039401,IDL
00-0039402,IDL
00-0039406,LB
00-0039412,EDGE
00-0039414,S
00-0039417,CB
00-0039421,IDL
00-0039423,IDL
00-0039425,EDGE
00-0039427,EDGE
00-0039430,LB
00-0039431,IDL
00-0039435,LB
00-0039436,EDGE
00-0039450,EDGE
00-0039453,S
00-0039454,CB
00-0039457,LB
00-0039465,CB
00-0039470,IDL
00-0039472,S
00-0039481,CB
00-0039510,IDL
00-0039513,S
00-0039515,LB
00-0039519,EDGE
00-0039532,S
00-0039539,EDGE
00-0039565,LB
00-0039566,S
00-0039586,CB
00-0039601,S
00-0039614,UNKNOWN
00-0039620,CB
00-0039637,LB
00-0039640,EDGE
00-0039660,S
00-0039676,CB
00-0039681,UNKNOWN
00-0039692,S
00-0039696,IDL
00-0039707,LB
00-0039714,CB
00-0039715,EDGE
00-0039718,EDGE
00-0039720,IDL
00-0039733,IDL
00-0039734,IDL
00-0039740,EDGE
00-0039741,LB
00-0039743,IDL
00-0039746,UNKNOWN
00-0039749,UNKNOWN
00-0039752,EDGE
00-0039763,LB
00-0039764,IDL
00-0039770,CB
00-0039772,CB
00-0039774,LB
00-0039776,S
00-0039789,CB
00-0039791,EDGE
00-0039795,CB
00-0039807,CB
00-0039809,EDGE
00-0039812,LB
00-0039813,S
00-0039815,LB
00-0039818,S
00-0039821,CB
00-0039825,S
00-0039826,LB
00-0039829,LB
00-0039834,S
00-0039835,IDL
00-0039836,EDGE
00-0039838,S
00-0039840,EDGE
00-0039841,CB
00-0039846,CB
00-0039850,LB
00-0039852,EDGE
00-0039854,IDL
00-0039858,LB
00-0039859,IDL
00-0039860,CB
00-0039861,S
00-0039862,CB
00-0039864,S
00-0039867,S
00-0039872,S
00-0039873,IDL
00-0039875,UNKNOWN
00-0039877,EDGE
00-0039878,LB
00-0039879,EDGE
00-0039880,UNKNOWN
00-0039881,S
00-0039886,IDL
00-0039888,CB
00-0039889,IDL
00-0039898,CB
00-0039900,EDGE
00-0039902,EDGE
00-0039903,CB
00-0039906,IDL
00-0039908,IDL
00-0039911,EDGE
00-0039924,EDGE
00-0039944,EDGE
