season,team,player_game_count,assists,batted_passes,catch_rate,declined_penalties,forced_fumbles,franchise_id,fumble_recoveries,fumble_recovery_touchdowns,grades_coverage_defense,grades_defense,grades_defense_penalty,grades_pass_rush_defense,grades_run_defense,grades_tackle,hits,hurries,interception_touchdowns,interceptions,longest,missed_tackle_rate,missed_tackles,pass_break_ups,penalties,qb_rating_against,receptions,sacks,safeties,snap_counts_box,snap_counts_corner,snap_counts_coverage,snap_counts_defense,snap_counts_dl,snap_counts_dl_a_gap,snap_counts_dl_b_gap,snap_counts_dl_outside_t,snap_counts_dl_over_t,snap_counts_fs,snap_counts_offball,snap_counts_pass_rush,snap_counts_run_defense,snap_counts_slot,stops,tackles,tackles_for_loss,targets,total_pressures,touchdowns,yards,yards_after_catch,yards_per_reception,pressures_per_prsnap,sacks_per_prsnap,hits_per_prsnap,tfl_per_rundef,stops_per_rundef,yards_per_target,tds_per_target,ints_per_target,pbus_per_target,missed_tackle_pct,tackles_per_snap,stops_per_snap,penalties_per_snap,def_plays,def_epa_total,def_epa_per_play
2021,ARI,370,217,23,74.55833333333334,4,19,36,14,1,57.85625,59.32777777777778,66.29722222222222,61.512903225806454,58.58787878787879,56.913333333333334,72,150,1,13,614.0,13.206666666666667,139,30,49,2335.3,385,41,0,2893,2132,4656,12635,5100,293,1525,2777,505,1171,7535,3059,4920,1328,396,775,61,543,263,33,4217,1853,10.92608695652174,3.4563733231391836,0.2197907298410746,1.0524816222354403,0.3241259613260729,3.3399103913027877,191.48507963192358,0.9453284970189696,0.5894978044366828,1.0578899957779837,396.2,2.197629013258942,1.0830275815232004,2.193498332390641,1439,-63.054184536819996,-0.043818057357067404
2021,ATL,336,248,9,76.73913043478261,10,10,70,7,0,58.859375,56.994285714285716,69.14285714285714,59.28333333333333,56.593548387096774,54.36,43,122,2,12,512.0,12.706666666666667,149,40,41,2275.0,378,15,0,3044,2024,4453,12690,5028,588,1423,2587,430,1385,7662,2754,5483,1198,364,803,50,529,180,28,3960,1960,10.560869565217391,4.316664190513288,0.4066335072632918,1.2235040131623587,0.3825162639330113,2.7197061783014376,188.81329615153692,0.8663662387307141,0.3463850325919289,0.9249151853783745,381.2,2.231000253828582,1.201678044711935,0.0707147832405521,1419,65.73401798343001,0.046324184625391125
2021,BAL,348,202,10,76.0625,6,8,111,6,0,58.309375,60.08918918918919,74.5891891891892,61.578125,59.93055555555556,57.35,62,181,1,9,903.0,12.359375,141,39,37,2498.4,402,36,0,2881,1960,4824,12067,4892,666,1113,2667,446,1114,7175,3089,4154,1208,357,719,56,590,279,32,5073,2590,12.299999999999999,4.744569514098153,0.6476045861846478,0.662862029758353,0.3427608978069354,3.0252559752167385,222.89962649527152,1.2680653794951369,0.3072772216042515,2.6661501633125972,395.5,1.9555144428952098,1.016607511139234,1.0810795660786112,1379,21.720515367739996,0.01575091759807106
2021,BUF,370,221,13,68.7,13,11,140,8,0,63.938709677419354,63.248571428571424,59.04705882352941,64.109375,57.943333333333335,57.97931034482759,56,252,1,21,535.0,12.934482758620689,138,45,68,1628.0,354,50,0,3142,2186,5110,13408,5243,197,1575,2764,707,1402,8165,3273,5025,1424,419,763,66,559,358,17,3657,1935,9.015,4.517858186767742,0.683133276525925,0.4194857756784884,0.3260364406735338,2.345904628066936,132.16012534991197,0.6662471156420746,1.2807374532394549,2.655310706565964,375.09999999999997,1.5219908720455813,0.9325978436560522,1.1524838848098231,1525,-122.1712549183,-0.08011229830708197
2021,CAR,355,212,13,77.4375,7,10,165,7,0,58.65714285714286,57.96666666666667,63.012121212121215,62.44444444444444,57.9,56.584848484848486,58,157,0,9,679.0,14.509090909090908,139,23,43,2484.7,343,48,0,2925,2002,4156,12112,5030,523,1171,2676,660,975,7082,2769,5187,1180,402,734,61,473,263,27,3609,1684,11.112499999999999,3.1314861444415043,0.4418176394077567,0.667314457573762,0.3056098900086289,2.5064282537971874,210.1363943828716,3.2187888091915107,0.47767324888226526,0.4697653486799247,478.79999999999995,1.8739934946605916,1.135866991320281,0.1255831202589297,1367,-68.1588552917,-0.04986017212267739
2021,CHI,335,212,7,73.37083333333334,13,12,222,7,0,59.12352941176471,56.02162162162163,53.84324324324324,62.820689655172416,54.888888888888886,55.503125,33,144,1,8,693.0,14.11875,133,36,58,2419.3,315,56,1,2691,1886,3967,11650,4755,357,1321,2373,704,1138,6895,2503,5180,1169,387,714,48,452,233,32,3666,1749,11.07391304347826,2.8788064483461153,0.8808069886955587,0.2817280374838921,0.238077366509873,2.159403508917352,202.60268080245592,2.388453879121045,0.2530687781109444,1.4330610533477848,451.8,1.846124527704212,0.97852921931352,0.206906427330666,1310,-6.0637551904999984,-0.0046288207561068695
2021,CIN,439,290,5,80.25,5,16,266,10,1,61.03714285714286,56.718421052631584,72.08684210526316,60.93636363636364,54.1,57.87105263157895,63,235,1,22,740.0,12.026315789473685,182,51,41,2819.0,546,64,0,3319,3059,6660,16206,6558,485,2248,3131,694,1625,9648,3968,5578,1634,465,980,66,772,362,35,5983,2586,10.935714285714285,2.9231752825517145,0.3415131054727697,0.39698757251583683,0.2663540725502412,2.837858033335165,246.1336867968391,1.259848229651516,1.293760349709362,1.5309966713677867,457.0,2.22397781931575,0.9200462243387492,0.077261855562199,1756,-61.02096129774,-0.03474997795998861
2021,CLE,349,211,12,71.87083333333334,13,10,296,5,1,63.68125,61.61081081081081,63.221621621621615,62.829032258064515,57.89729729729729,57.99393939393939,56,174,1,13,638.0,12.01818181818182,137,49,60,2230.8,371,53,0,2907,2030,4759,12634,4930,134,1587,2448,761,1415,7704,3009,4866,1330,393,736,48,545,283,29,3759,1947,10.673913043478262,4.508415900175517,1.1425527012894925,1.0345777155797915,0.2847694224538957,2.6355385967582325,186.52739355142091,1.2385753286712662,0.3499075047350562,2.3728143393127725,396.6,1.9662953896676636,1.0045215301425883,2.120628175770993,1372,4.472087987199997,0.0032595393492711347
2021,DAL,340,192,7,71.74,13,12,333,8,1,61.71111111111111,61.7,56.72432432432433,64.10454545454546,56.65,61.690322580645166,66,232,5,27,540.0,9.387096774193548,123,45,66,1759.7,371,47,0,2883,2214,5023,12933,5022,293,1461,2823,445,1415,7911,3124,4786,1388,399,743,53,577,345,24,4432,2314,11.0,3.027373079354199,0.4968316214172409,0.7444650488516354,0.3099243619740477,3.324955144570808,157.68476849443277,2.2676275904007,2.435835354346625,0.8743703833687094,291.0,2.0512235566479133,1.2159033479228085,4.163000510371586,1540,-125.04296261086999,-0.0811967289680974
2021,DEN,335,218,12,73.18095238095238,6,7,350,6,0,60.99677419354839,59.04,68.60571428571428,61.92580645161291,57.81212121212121,59.630303030303025,45,166,1,13,575.0,12.090909090909092,119,42,31,1921.6,370,37,0,2939,1948,4653,12272,4714,349,1636,2060,669,1303,7558,2873,4746,1367,338,747,41,554,248,22,4181,2180,9.752380952380953,4.784874679853539,1.3191670920265237,0.9497271447160027,0.3137177499867829,2.432962356069324,147.9817162956575,0.5629693103715423,0.2756008931619068,1.2959928584713443,399.0,2.1439735717968156,0.9132770993666492,0.071388690387045,1330,1.5258642333000085,0.0011472663408270741
2021,DET,332,235,10,76.396,6,10,374,7,0,55.63870967741936,54.15882352941177,69.09411764705882,60.21851851851852,53.4264705882353,53.81818181818182,31,128,0,11,806.0,13.98181818181818,166,41,39,2600.0,353,31,0,2807,1972,4243,12323,5005,440,1458,2585,522,1473,7318,2673,5407,1066,363,773,36,504,190,29,4234,1868,12.767999999999999,3.5255052612115225,0.3523776955410113,1.5886850063852427,0.1757555585510142,1.9363206208929957,237.66763539172376,1.5479717726562043,0.3743663341489427,1.8384323250382153,461.4,2.159023564122879,0.8659504435227693,0.08468836089448989,1388,84.71394490249999,0.06103310151476944
2021,GB,357,189,8,73.91111111111111,6,8,396,7,0,62.896428571428565,61.76969696969697,67.16363636363637,64.99615384615385,55.97586206896552,63.4,54,273,2,19,703.0,9.772413793103448,101,42,33,1687.4,387,47,0,2411,2113,5020,12639,5175,323,1471,2675,706,1442,7464,3241,4378,1487,349,736,33,582,374,31,4123,2097,10.794444444444444,3.1211554574244333,0.3236586953319912,1.07492928342588,0.168983310542348,2.460074838218691,140.82967586657318,0.6712639714488156,0.3791824131603606,1.00596117995412,283.4,1.5874534872571378,0.8363913499229282,0.1021104226014381,1396,7.769522646699995,0.005565560635171917
2021,HOU,309,230,9,68.93529411764706,7,14,468,6,0,56.075,54.452777777777776,62.96666666666667,62.48518518518518,56.214285714285715,54.34375,42,146,1,17,584.0,15.341935483870968,156,33,44,1682.8,341,31,1,2678,1948,4075,11752,4534,204,1710,2242,378,1381,7218,2439,5238,1211,339,732,53,477,219,30,4143,1664,13.45,3.5633489206805917,0.4554323358517639,0.5953341245991342,0.275599858447282,1.7910737971531847,153.8021213609626,0.9700389038269444,0.7603411408291613,1.1222090917401666,475.6,2.0185059918816135,0.8079461022059383,0.4008983446543763,1392,48.819485783199994,0.03507146967183908
2021,IND,340,221,6,63.76818181818182,12,15,448,13,1,61.878571428571426,63.234375,68.978125,63.108000000000004,61.543749999999996,59.62222222222222,56,191,0,19,544.0,11.85925925925926,126,42,34,1894.7,388,40,0,2706,2030,4709,11973,4639,554,1147,2405,533,1372,7334,2920,4344,1215,352,741,35,569,287,31,4128,1828,10.942105263157895,3.150288144921377,0.2524817335959671,0.7264614370161755,0.1467106520338462,2.031652592604472,146.55754078440773,0.898372660072863,1.4070488630645026,2.1593723487575534,320.2,1.5995876056188105,0.723666673592835,1.0769101602759974,1359,-43.407797292190004,-0.03194098402662988
2021,JAC,343,259,10,74.85652173913044,6,6,495,2,0,55.793103448275865,54.23939393939394,67.46666666666667,61.827586206896555,54.996875,55.086666666666666,53,188,0,7,593.0,15.59,145,26,34,2247.0,374,36,0,2869,1888,4159,12247,5196,332,1671,2695,498,1221,7051,2826,5262,1048,391,785,36,505,277,23,4107,1895,11.704545454545455,4.149484910499444,0.2345581994764765,0.988125483420621,0.1811913613474808,2.033252394708226,214.28167753368993,1.6424563822536011,0.3360554170322811,0.7157622492276552,467.7,1.880623204219213,0.9052313621319436,0.0647343006164434,1375,118.7174978276,0.08633999842007273
2021,KC,397,244,17,72.02000000000001,5,20,560,13,2,63.05357142857143,62.85142857142858,69.05714285714286,63.26,59.745714285714286,61.92962962962962,69,272,2,16,663.0,10.085185185185185,144,43,52,1901.3,484,43,0,3584,2413,5716,14750,5996,247,1852,3297,600,1196,8754,3894,5140,1539,401,889,53,679,384,35,5305,2835,10.044444444444444,4.216071124844777,0.1777014479587009,0.45058466524638247,0.7735571409483009,3.7865761250280032,140.27661523495743,0.6578288774290442,0.283119310271782,0.7430906857256775,272.3,2.420274634071634,1.387686754242006,1.5655274316027545,1632,40.4705477874,0.02479812977169118
2021,LAC,337,256,6,78.4047619047619,17,18,972,9,1,59.328125,57.080555555555556,61.794444444444444,64.852,57.03548387096774,55.59032258064516,49,165,0,11,662.0,12.864516129032259,150,29,69,2105.5,357,36,0,2813,2063,4502,12747,5228,489,1279,2530,930,1364,7519,2865,5380,1268,356,792,49,508,250,27,3978,1931,12.347619047619048,3.908914693021352,0.7305688782931704,1.8890844957519037,0.19840604902357808,1.9558826556259652,203.4903107812781,0.7703431295921205,0.5786815163078753,0.5343452140964774,398.8,2.2610665536280985,0.893002678148258,3.1660655506493125,1434,48.080631989859995,0.033529032071032076
2021,LAR,393,306,11,73.63333333333333,9,13,910,5,0,61.52758620689655,64.92,64.91142857142857,63.47599999999999,66.39090909090909,62.233333333333334,51,316,1,23,616.0,9.923333333333334,156,51,49,1885.0,473,74,0,2454,2607,5898,15330,6655,644,1289,3414,1308,1894,8675,4014,5418,1702,479,921,65,678,441,22,5121,2524,10.205,3.348259741312147,0.3639748314900429,0.3225951238677659,0.2526823636127375,2.8479036436478067,156.51632503899697,0.750507589932195,0.5535549094889486,1.0598950282908002,297.7,2.7321853407631354,0.8909898672675034,1.0676038637132954,1749,-94.43704818031,-0.053994881749748425
2021,LV,348,252,10,69.51904761904763,6,9,851,7,0,61.3,59.28918918918919,64.12432432432432,64.77692307692308,57.07575757575758,57.61034482758621,75,229,0,6,609.0,14.772413793103448,132,44,65,2006.2,426,43,1,3061,2247,5274,13294,4991,249,1211,2729,802,1482,8303,2984,5036,1491,420,817,46,589,347,31,4259,1911,10.426315789473684,4.034111092389682,0.2822306319830808,0.9484696682299754,0.2459350602891093,2.555459600706032,147.68681446253254,0.9105746535758663,0.1635423288878709,2.2112525169353656,428.4,1.8651617194544767,0.9181764424676224,5.1181418571144865,1519,66.28695243218,0.043638546696629366
2021,MIA,343,228,28,71.86666666666667,9,13,527,13,2,59.65,62.65806451612904,62.92258064516129,61.489285714285714,62.84444444444444,55.129629629629626,79,215,3,14,619.0,13.539285714285715,153,43,43,1999.6,376,55,0,2447,2000,4685,12419,5497,723,1045,2851,878,1207,6922,3156,4578,1257,383,728,41,542,349,24,4330,2042,12.605,5.716245534014288,0.4740686597211987,0.6561593917756742,0.2718528925699553,1.9847281441667608,190.29891381700259,1.1732128166978526,0.32895352332852323,2.2543116314680356,379.1,1.7370471040259898,0.7948722209337749,0.1438862140932253,1409,-47.28374600798,-0.03355837190062456
2021,MIN,296,245,12,69.94444444444444,3,12,558,7,0,62.38076923076923,59.803225806451614,65.91612903225807,63.62,57.60666666666667,62.817241379310346,49,183,2,16,550.0,11.172413793103448,118,34,47,1547.3999999999999,401,56,0,3200,2233,5106,13226,5157,626,1370,2593,568,1375,8069,3206,4914,1261,384,803,26,580,288,29,4678,2269,10.088235294117647,2.38375071619495,0.8601922753220423,0.3434524240290613,0.11526149163040951,2.5397629732858165,122.26797146359785,0.5343236119145163,0.480414541141741,1.205762846120798,324.0,1.9828470369730278,1.0473174041590203,0.1023823058063888,1485,-17.8976895188,-0.012052316174276094
2021,NE,359,261,14,76.66,5,9,627,8,0,60.935483870967744,59.263636363636365,68.98484848484848,63.3125,59.542857142857144,65.06071428571428,51,198,3,23,524.0,9.1,117,50,40,1901.2,344,39,0,3009,2011,4645,12567,5155,759,1051,2726,619,1092,7412,2705,5217,1289,368,762,33,520,288,27,3808,1776,11.575,3.435202573924868,0.30130291311109964,1.0519852719737237,0.1184031749895619,1.909430359205862,179.95603683243985,0.884389069578464,0.5674441934102868,1.4376040822233023,254.8,1.5163641410140802,0.729973264624859,2.0871012465090804,1412,-85.02153735799,-0.0602135533696813
2021,NO,315,200,12,73.75,5,12,620,7,0,63.142857142857146,64.65806451612903,62.938709677419354,62.73846153846154,64.83666666666666,59.43,69,165,2,18,524.0,11.213333333333333,129,43,42,1482.5,367,48,0,2369,1995,4850,11975,4726,295,1355,2869,207,1525,7249,2873,4252,1360,407,712,54,540,282,20,4112,1984,10.325,3.2907113243000143,0.6994870826229345,1.074689650050016,0.4182580355741164,3.2609837303520006,121.29873136497287,1.5555902037285014,0.4015885070406345,0.8514803697194512,336.4,2.011246968737024,1.3335992489550994,0.09166241078189549,1389,-153.64310779374,-0.11061418847641469
2021,NYG,341,271,16,81.30384615384615,0,10,756,8,0,59.32647058823529,58.300000000000004,71.87222222222222,60.38125,55.64242424242424,62.103125,44,194,1,15,618.0,10.359375,115,45,27,2486.1,414,39,0,2857,2167,4871,13067,5172,427,1503,2532,710,1572,7895,2928,5268,1288,397,834,29,578,277,27,4159,2056,9.165384615384616,4.85007260850872,1.2457939588362767,0.6014369510192223,0.15193894773050282,3.0200519977435265,190.9740922599606,0.9084699334111426,0.3724512634125013,1.159449911168002,331.5,2.041844766276514,0.962488178218102,2.0576282671490813,1427,3.032922129260003,0.002125383412235461
2021,NYJ,329,252,5,76.88181818181819,13,12,924,7,0,57.18529411764706,55.766666666666666,63.06666666666667,61.913333333333334,54.25238095238095,61.44722222222222,52,154,1,7,658.0,9.941666666666666,133,41,57,2387.8,391,36,0,3438,2003,4372,12754,5130,184,1631,2588,727,971,7624,2952,5430,1190,390,796,53,537,242,27,4437,2179,13.927272727272726,4.177080916930228,0.9843526744500484,0.36940468315249986,0.2492908847673271,1.942291634594953,217.00451888275956,3.112487059219653,1.4407305936073058,1.985569429171332,357.9,2.2119099480609488,0.848094487173155,0.1327780270485312,1468,138.02333681755,0.09402134660596048
2021,PHI,351,276,5,71.4095238095238,3,10,840,4,3,60.29677419354839,58.205714285714286,61.13142857142857,63.836000000000006,57.67428571428571,63.68571428571428,54,187,2,11,572.0,10.28857142857143,105,31,51,2100.5,418,37,0,2743,2162,4770,12899,5276,313,1693,2493,777,1481,7623,3036,5093,1237,385,808,56,561,278,29,4075,2038,10.9,4.554528224279865,0.2849998453604599,1.7494654623686832,0.3334987672478634,2.4022992149220945,166.00537795537795,1.9030875986758335,0.2553985230455816,0.8231797614150551,360.1,2.4075734116602603,1.0470370405542517,0.1128785431466957,1492,-4.658610206650008,-0.003122392899899469
2021,PIT,355,246,26,72.77619047619048,1,17,875,9,1,59.199999999999996,58.68857142857143,69.94,61.224137931034484,57.58125,56.667741935483875,48,164,0,14,632.0,15.580645161290322,144,39,34,1994.9,383,60,0,3055,2256,4944,13422,5386,454,1562,2614,756,1326,8036,3081,5397,1388,416,829,59,554,272,30,4344,2034,10.423809523809524,2.8853050490600896,0.2877763122445922,0.3164532261409359,0.3012065432770695,2.486738607126327,150.74611163611164,0.788111010216273,0.2765622286674916,1.2681544565755087,483.0,1.9337138077291967,0.8994867390797241,2.106666892825394,1557,-21.356995768399997,-0.013716760287989722
2021,SEA,327,291,21,75.6875,5,7,1102,5,0,58.21071428571429,61.3078947368421,65.63421052631578,63.647619047619045,62.12702702702702,57.95769230769231,59,179,0,11,592.0,12.076923076923077,139,36,47,2299.2,430,39,1,2873,2060,5120,13737,5945,675,1272,2835,1163,1638,7792,3214,5403,1210,398,856,46,585,277,23,4565,2598,9.873913043478261,3.238891570935506,0.2053525112728991,0.6218780014682334,0.2592974393090419,1.9068165434733542,176.45971319332318,0.6134921207882967,0.2669425018248848,1.736147186385957,314.0,1.4982125765098933,0.7279228975110121,2.112514336268502,1536,-6.158665420660001,-0.004009547799908855
2021,SF,398,278,6,68.43636363636364,10,25,1092,9,0,61.038709677419355,61.86410256410256,63.96410256410256,63.08275862068966,61.215789473684204,61.396875,73,249,2,11,789.0,11.459375,135,37,75,2110.2,452,71,0,3558,2349,5663,14627,5570,97,1714,2980,779,1603,9057,3540,5424,1517,500,888,73,633,393,28,4826,2221,12.2,4.906518970724681,0.7271750619464181,1.51315571123766,0.3544588837336903,2.7736436178530686,182.15519862282977,0.7866719346638366,0.2580297020255772,1.3878490973020727,366.7,1.8570204491173214,0.9966487023448041,13.153564572165088,1620,-35.34192329577001,-0.021816002034425932
2021,TB,366,198,19,75.54615384615384,2,18,900,16,0,61.96071428571429,61.95666666666667,66.0,61.666666666666664,59.72666666666667,55.98571428571428,94,273,2,19,648.0,13.932142857142859,174,51,58,2405.9,496,54,0,3098,2403,5922,14080,5731,431,1648,2898,754,1364,8349,4011,4147,1473,430,833,56,705,421,29,4972,2545,9.432,3.273008572129391,0.2959065898516084,0.9839963753020728,1.3377836386223287,7.54086045004542,182.80077189336598,2.306404210835512,0.6976053123624931,1.4936191378900283,390.1,1.7800413146503122,0.9042680918257389,0.10872048987432441,1604,-96.7279569418,-0.06030421255723192
2021,TEN,362,235,16,66.81739130434782,7,11,1116,4,1,62.460606060606054,60.53611111111112,68.70833333333333,60.30909090909091,59.67777777777778,59.519999999999996,53,196,2,17,703.0,10.32,140,44,50,2037.4,451,63,0,3223,2110,5644,13166,5004,354,1318,2522,810,1375,8162,3388,4134,1454,412,781,41,651,312,24,4934,2569,10.995238095238095,3.3124447808567385,0.2884774685031357,0.8366964127318158,0.3916837634262999,3.6590203054369663,169.7478859763064,0.5381777404467476,0.40639380678958636,1.294439820109008,361.2,2.132206649277394,1.0733332290626656,0.7275386375442356,1454,-65.12481238135,-0.04479010480147868
2021,WAS,310,237,5,79.375,10,9,1120,7,0,52.284375,57.82857142857143,68.02,61.813793103448276,64.8742857142857,60.3764705882353,62,184,2,11,732.0,15.170588235294117,106,41,44,2733.7,400,42,0,2732,1966,4691,12177,4919,486,1140,2452,841,1362,7258,3053,4433,1198,368,741,34,566,288,34,4520,1867,14.916666666666666,4.751672353165283,1.4119624830061308,1.653903830900815,0.2189914159476958,2.6234878745556096,279.72270043639065,4.489316227896438,0.234091160411915,1.152956167438691,515.8,1.9845943208065155,1.0322789389285534,0.1572896876692104,1368,60.0876649912,0.04392373171871345
2022,ARI,372,260,20,82.50909090909092,5,10,39,10,2,58.275757575757574,59.11025641025641,65.44871794871794,60.6741935483871,58.58157894736842,59.75588235294118,70,161,3,11,644.0,9.38529411764706,133,37,49,2346.4,433,39,0,3171,1985,4640,12613,5082,282,1328,2558,914,1144,7531,3032,4941,1211,373,798,62,578,270,29,4375,2689,10.222727272727273,3.177751296053001,0.2733053241327889,0.8012837453515921,0.6402382274724331,2.728726270931062,184.31525030116362,1.2466544214996225,0.30208979535604913,0.8465304484654325,319.1,2.1224025056514564,1.1410555768346464,5.616599078774471,1393,-2.074956334399994,-0.001489559464752329
2022,ATL,332,300,9,68.535,5,7,64,9,1,59.53076923076923,58.51875,73.55,58.663999999999994,61.359375,58.75,47,129,1,10,606.0,10.317857142857141,149,44,24,1883.4,389,25,1,2960,2269,4451,12599,5107,407,1580,2551,569,1088,7492,2665,5483,1165,345,816,43,541,201,26,4285,1916,11.605555555555556,3.39782403288651,0.2635048700474575,0.9930203128024403,0.295090674275226,2.0715857802487276,160.50302959350032,0.7964737201885538,0.3024613106192052,1.0631878623544477,288.9,1.790715100992921,0.8143421296876413,0.0530445952996407,1382,26.669650318540008,0.019297865642937777
2022,BAL,353,245,20,66.10434782608696,10,15,102,11,0,59.834375,62.60294117647059,73.15294117647058,64.390625,63.93030303030302,59.221875,53,189,0,16,641.0,12.05483870967742,147,32,43,2023.9,434,63,0,3051,2134,5330,13184,5253,332,1588,2807,526,1453,7931,3184,4670,1292,420,826,43,602,305,22,4641,2062,11.047619047619047,4.726180140789002,1.5030414946149233,0.43027834553627387,0.3227682063730567,2.698957687188903,168.57912068870164,0.6410454184346817,0.6236894740951533,1.0177812913198268,373.7,2.0327275479746842,0.9332079633996965,0.0805598805257738,1418,-38.20842320066001,-0.026945291396798313
2022,BUF,345,231,19,71.60000000000001,9,10,148,7,0,60.21212121212121,59.3,60.78918918918919,63.31666666666667,57.26111111111111,55.93939393939394,64,213,1,19,660.0,13.103030303030302,168,50,59,1999.1,404,54,1,3178,2152,5361,13277,5079,97,1777,2709,496,1437,8198,3308,4608,1419,392,783,66,594,331,25,4234,1994,11.838095238095239,3.8287687682588687,0.394290652071497,0.9379485583326164,0.3451719240452346,3.4932973394979365,182.4017675190194,0.7394959166495692,1.5196625661840661,1.0767859977660819,432.4,2.1516580635766465,0.9516167322883535,3.1946520279341573,1488,-73.48804607131,-0.049387127736095424
2022,CAR,315,230,22,75.39,10,6,150,6,1,59.07142857142857,57.31333333333334,71.23,61.568000000000005,57.596428571428575,60.67857142857143,57,171,2,10,584.0,9.364285714285714,143,29,43,2041.0,383,39,0,3061,2076,4532,12622,5108,505,1310,2682,611,1051,7514,2928,5162,1326,395,789,60,520,267,25,4100,1703,9.605,2.941311004439262,0.5813617059009366,0.37003978922784053,0.3460664028759028,2.9536069684723225,141.90132604854927,1.2203388462918228,0.151267148607574,0.9790711673146164,262.2,2.2427798619313037,0.8395520139281484,0.0831534189038959,1445,-22.054663715,-0.015262743055363322
2022,CHI,299,227,13,76.235,10,10,204,7,0,60.817241379310346,56.27058823529412,69.53235294117647,57.08,55.06666666666667,58.05,24,102,0,13,650.0,12.473333333333333,140,24,40,1951.3,309,20,0,2594,1974,3678,11468,4674,314,1574,2447,339,1155,6794,2387,5403,1051,329,718,50,427,146,21,3706,1902,13.73,2.1361062352055717,0.3472907339981572,0.3908063936907042,0.1859151040016986,1.474738495146231,219.83149162333945,1.2951809663766183,0.7161172161172159,1.2960034693730342,374.2,1.918630548898862,0.7114416875391858,3.062853627490531,1339,98.9656823025,0.07391014361650486
2022,CIN,365,264,20,75.07368421052632,8,13,231,13,2,63.48076923076923,61.85757575757576,69.43030303030302,61.357692307692304,59.86060606060607,65.9074074074074,93,209,0,15,655.0,7.474074074074075,111,47,39,1835.6,400,43,0,3062,2259,5277,13607,5491,326,1971,2773,421,1407,8116,3271,5059,1377,412,827,47,594,345,21,4654,2050,11.552631578947368,2.892698875948931,0.2531178960391877,0.5970957005136558,0.2133816774647714,2.0429604580107235,165.2051232225994,0.868706383208148,0.34916652266219,1.1995238036585019,201.8,1.6890691435366334,0.7707303137598988,2.0769764391457177,1535,-66.637428013,-0.04341200522019544
2022,CLE,323,218,21,72.3,9,10,256,8,2,61.25714285714286,58.621875,67.4125,61.1551724137931,53.91612903225807,55.95333333333333,28,170,1,11,652.0,11.889999999999999,136,39,47,2078.8,314,41,0,3085,1908,4145,11865,4604,115,1509,2353,627,1177,7261,2526,5194,1080,349,705,41,479,239,20,3567,1639,12.161904761904761,5.133492315685915,1.2655408567727682,1.198172915123336,0.3047186420587057,2.7170678043006604,194.00875108007435,0.7168358679366753,0.3847390046765602,1.0771124512971704,356.7,1.9878167597291174,0.9726085965859456,0.09713582843383481,1359,12.428172277400002,0.00914508629683591
2022,DAL,404,254,14,71.90833333333333,10,20,333,17,3,62.8375,60.85405405405405,60.359459459459465,64.52222222222223,59.675,61.7125,70,264,0,17,656.0,10.84375,128,36,62,2249.0,416,58,0,3324,2484,5353,14411,5552,340,1681,3030,501,1541,8859,3244,5814,1498,457,880,58,589,392,26,4530,2196,11.104347826086956,4.402010578454894,0.6271981413108697,1.8088422475651444,0.2926791708669408,2.3982378033899656,191.54906272067615,0.7079199838710495,0.4913561820881103,1.3517616467752045,347.0,2.0585766647946158,0.9430822894576691,5.119021214221637,1624,-121.8720647365,-0.0750443748377463
2022,DEN,326,248,13,67.64736842105263,1,12,380,7,0,64.0,63.102631578947374,64.66052631578947,58.74,63.12432432432432,57.11333333333334,47,198,0,15,535.0,12.273333333333333,142,34,49,1532.2,386,35,1,2579,2092,4677,12351,4986,561,1235,2248,942,1428,7365,2976,4698,1244,381,753,38,554,280,19,3729,2008,10.063157894736841,3.403082122952082,0.200931097454858,0.5680220088167247,0.2314792982000904,2.7283884371643303,122.33718088079867,0.3786449437646623,0.5562321321153714,1.017567191541629,368.2,1.8163671933009637,0.9715164245227588,1.1385737929915627,1424,-25.499597452000007,-0.017907020682584273
2022,DET,338,218,9,69.04814814814814,11,12,385,9,0,57.60588235294117,57.09714285714286,69.68571428571428,63.44193548387097,56.205882352941174,57.432352941176475,60,203,1,12,674.0,16.720588235294116,126,30,49,2694.8,353,42,1,2816,2006,4537,12405,5026,158,1832,2679,357,1279,7379,3010,4858,1278,346,742,45,502,305,26,4436,1709,12.84,7.9943112308553115,1.9339314806478394,1.8765399357771537,0.2402618397587887,2.382467150393225,244.13664987941692,2.493929899648991,1.2431238301927954,1.95594056910289,568.5,1.8415103043733716,0.8329701605191238,0.11153662964268429,1399,43.963894157,0.03142522813223731
2022,GB,321,225,9,80.55882352941177,3,12,360,9,0,62.82692307692308,59.980000000000004,62.81333333333334,63.5,57.88965517241379,56.30769230769231,61,160,2,17,625.0,12.05,125,29,38,1753.5,320,41,1,2465,1896,3763,11670,5008,289,1294,2610,815,1132,6662,2634,5273,1159,365,733,48,444,262,22,3575,1665,11.364705882352942,3.787680946074762,2.0072734198990774,0.5036917856232916,1.1616258067941214,2.788706122330924,153.28238741128715,1.1718564953063642,0.4025823603477476,1.0437007342942148,313.3,2.4689845256814915,1.7753377893172249,0.0952221710955365,1290,-2.101358743970004,-0.001628960266643414
2022,HOU,322,249,9,63.142105263157895,7,10,377,7,0,59.35,56.87586206896552,65.11724137931034,63.9962962962963,54.63448275862069,53.88214285714286,32,199,1,16,472.0,15.089285714285714,176,34,44,1662.5,309,45,1,2797,2107,3998,12276,4729,52,1522,2681,474,1342,7547,2457,5821,1300,362,768,64,451,276,15,3472,1592,10.829411764705881,5.547535029675595,1.8328823130498415,0.6110358836378689,0.3925230030841648,2.0617330031839454,132.2088155563849,0.5987547378404195,0.3897722201021415,1.6413031323513119,422.5,1.81812768613109,0.9558520042281751,1.1230549171434996,1462,-27.903136025399995,-0.019085592356634744
2022,IND,314,221,9,75.13076923076923,3,10,364,10,0,61.20869565217391,60.19230769230769,68.32307692307693,58.14782608695653,61.57692307692308,59.19230769230769,43,142,2,10,471.0,11.856,118,34,36,1342.1,365,43,0,3210,2016,4459,12321,4489,142,1700,2222,425,1286,7832,2568,5294,1298,409,786,65,505,228,25,3845,2095,10.692307692307692,3.334390385767268,1.2658272917395794,0.3308462295102396,0.2323471014296428,1.9746430888099271,103.01214077458073,0.8828991969948571,0.4260729292927873,0.6247991114381481,296.4,1.4398723269096332,0.8809664112975213,0.0662487469238018,1407,-47.6492319482,-0.03386583649481165
2022,JAC,344,273,19,62.91052631578947,8,15,420,11,2,59.95,62.089285714285715,71.99285714285715,66.63333333333333,60.871428571428574,56.910714285714285,94,246,2,14,570.0,11.974074074074075,182,55,45,1755.5,438,46,0,3275,2361,5442,14309,5752,434,1920,2766,632,1469,8557,3443,5424,1452,426,874,62,623,386,29,4753,2399,11.711764705882352,4.435555228407675,0.5549027976334835,1.123405002521344,0.2462677398555379,2.556597107302051,138.80332591666786,0.7620919189143189,0.4108991397217916,2.4825679991062803,323.3,2.22070748871141,0.7864825256339022,0.098600812668699,1592,-10.112061179511999,-0.006351797223311557
2022,KC,379,258,30,73.01818181818182,9,12,496,10,1,63.260714285714286,63.04516129032258,70.45161290322581,62.69642857142857,61.08846153846154,57.34,76,245,2,14,573.0,11.776000000000002,157,42,47,2132.1,467,69,1,3240,2225,5864,14519,5784,167,1990,3008,619,1705,8735,3837,4818,1554,442,862,58,645,390,35,4652,2285,10.390476190476189,3.14383421570727,0.6354662212106001,0.8519147900440748,0.2169024372427783,2.108820231098633,159.91961673555204,0.889127510163739,0.2082235114276294,1.7474991188977202,294.40000000000003,1.4705685247727538,0.7203472318869115,3.056074532453794,1673,30.711333318499996,0.018357043226838014
2022,LAC,327,227,7,75.25882352941177,12,10,864,7,0,64.00769230769231,58.103125,69.421875,62.80416666666667,53.128125,54.04333333333333,44,182,1,18,594.0,14.573333333333332,151,44,42,1746.6,340,43,1,2710,2044,4443,12152,4914,431,1335,2542,606,1201,7238,2753,4956,1283,356,742,44,508,269,28,4004,1696,13.63529411764706,3.1138962196998454,0.686094725551076,0.3978403096010124,0.2379414254424861,2.2647105059490773,172.67803766926485,0.6716795868469294,0.3558763160436587,1.081812640068218,437.2,1.816886136882588,1.025095789086137,0.1296657901650832,1396,-23.8526252157,-0.017086407747636104
2022,LAR,293,230,5,79.0125,7,7,858,4,0,61.288000000000004,63.521212121212116,71.9090909090909,64.26190476190476,65.12727272727273,59.010714285714286,37,134,1,15,496.0,15.914285714285715,96,35,32,1602.4,362,36,0,2500,2017,4194,11288,4287,521,1096,1698,972,1357,7001,2458,4636,1116,345,731,37,495,207,23,3984,1969,10.43125,1.8566346783017083,0.4456394556464312,0.2909655196020351,0.2295764462889823,1.9967812106832432,130.57995135811183,1.4383291917824617,0.3360923593967177,1.2595256936390182,445.6,1.7617294743195921,0.9159492678161707,2.0822356823768606,1341,-3.438417225803002,-0.002564069519614468
2022,LV,342,224,11,81.66,9,10,920,7,2,58.64857142857142,56.5125,71.42,59.41612903225807,57.715384615384615,55.375757575757575,62,167,1,6,643.0,12.081818181818182,151,30,52,2569.0,382,34,0,2636,2082,4467,12264,5077,234,1741,2620,482,1290,7187,2992,4805,1168,334,753,51,520,263,24,4135,1963,9.832,4.642777091940326,0.8400746337881381,1.6873509764131513,0.3497950900327396,2.403460348540919,200.7933418066437,1.3590399147002916,0.1871428571428571,0.8940005173024038,398.7,2.30620608966075,0.8838190924762143,5.611741325500487,1392,21.915141400110002,0.015743636063297414
2022,MIA,370,250,16,72.97142857142858,10,17,544,7,3,55.888888888888886,61.196875,65.68125,65.64642857142857,63.865625,57.167857142857144,70,230,0,10,636.0,13.214285714285714,147,48,64,2000.8,443,65,0,2772,2165,5296,13752,6229,688,1397,3228,916,1248,7523,3718,4738,1316,433,797,52,620,365,31,4732,2253,9.704761904761906,4.797070621520521,0.7719274059821641,0.5538639132682498,0.1952471043476297,2.1683106477544154,144.4284132597835,1.855486549538785,0.6291688290470149,2.3716084411954914,370.0,1.5193433791373268,0.7463465976900111,3.1060533281982146,1514,2.429481961199997,0.0016046776494055461
2022,MIN,346,241,16,75.97777777777777,6,10,648,8,1,62.410714285714285,66.15,72.49166666666666,62.904545454545456,65.03428571428572,64.5741935483871,50,236,0,15,624.0,10.880645161290323,112,49,33,1828.9,432,44,0,2897,2329,5288,13573,5249,330,1642,2737,540,1680,8324,3280,5005,1396,407,844,52,594,330,25,5058,2446,11.788888888888888,2.1327407480488456,0.195227807147679,0.2147930031074335,0.6155794167313304,2.7911381073537007,160.66289433861868,0.7138395080300171,0.3266382868937048,1.0135166790139032,337.3,2.4363194345165615,1.1023328401888988,0.0589733268826252,1521,24.619727323395,0.01618653998908284
2022,NE,350,249,10,72.86190476190475,3,12,551,8,2,59.26296296296296,61.251724137931035,67.86206896551724,61.373913043478254,63.90384615384615,63.815384615384616,42,232,5,19,578.0,9.86153846153846,96,38,35,1996.9,364,60,0,2862,2123,4872,12456,5022,668,995,2509,850,1170,7434,2954,4630,1279,380,730,32,551,334,28,4029,1752,10.795238095238094,3.4423285584084224,0.3981892624292531,1.307991165193605,0.1853189139271464,2.21441118699179,162.81866952039366,1.1525942758701375,0.478458193975435,1.1972532541498055,256.4,1.4930498058094743,0.7218500836886093,0.0848585002784922,1416,-125.83183357202999,-0.08886428924578389
2022,NO,328,229,7,63.599999999999994,7,9,740,7,0,63.2,60.95405405405406,66.3108108108108,64.56153846153846,58.34571428571428,56.267857142857146,33,167,1,7,554.0,14.62142857142857,140,43,50,1600.6,322,60,0,2748,2048,4478,12476,5114,356,1484,2819,455,1303,7362,2716,5282,1230,396,750,46,497,260,17,3413,1638,11.10625,3.7581430848706705,1.4481198530731068,0.4879246027184145,0.2120077583141554,2.4346351573598604,127.41778395595612,0.520227956391978,0.45916836351945123,2.0874987161266447,409.4,1.6552804679432829,0.9616788521853534,0.5930978862249784,1402,-53.168385198470006,-0.037923241938994295
2022,NYG,363,252,19,70.61304347826086,5,16,756,11,1,59.196875,54.625,69.44444444444444,60.06857142857143,52.05428571428572,57.917142857142856,83,178,1,6,702.0,18.13142857142857,124,43,47,2183.7,379,44,0,2556,2175,4635,13436,5884,895,1436,3021,532,1501,7552,3308,5493,1320,391,816,51,560,305,23,4126,1964,11.360869565217392,4.8770081869081086,0.9189151849972599,0.424929822950383,0.2158991869184458,2.8409593935212705,184.2785316179954,0.6646723112447431,0.25897435897435883,1.308441429832463,634.6,2.1389571655778425,1.1190021009939608,0.1033794599509264,1570,85.17792344008,0.05425345442043312
2022,NYJ,336,239,1,74.50555555555555,5,7,594,4,0,61.51153846153846,66.31851851851852,71.02592592592593,65.04782608695652,65.38888888888889,56.536,79,180,0,12,492.0,14.175999999999998,143,50,33,1665.4,347,53,0,3083,2006,4544,12355,4552,109,1463,2241,739,1435,7803,2651,5160,1279,422,765,51,522,312,15,3526,1763,11.558823529411764,4.275728457714269,0.4015037221673586,1.1844708048658,0.2500256174484065,2.4452679371334693,156.54399532324854,0.871168823579554,1.244110469736665,1.96114159807631,354.4,1.8717543471355975,1.0634900456810152,0.0592038998722644,1400,-86.50944023715999,-0.06179245731225714
2022,PHI,425,226,7,71.19500000000001,7,18,888,13,0,63.7,63.91081081081081,67.92702702702704,66.58461538461539,59.85405405405405,58.306451612903224,66,261,2,18,524.0,11.870967741935484,149,57,45,1753.4,398,88,0,2920,2309,5242,14174,5913,539,1440,2845,1089,1618,8261,3512,5420,1369,449,839,55,589,415,25,3975,1980,9.38421052631579,6.225193324327335,1.7917608109048422,0.7762731706422255,0.2757314373120689,2.200337463277287,129.15014688374865,0.6481238944676178,0.6743410609196734,1.4018029682972297,368.0,2.3912421401086847,0.8606914505755168,3.2393440190486373,1586,-90.2729674458,-0.056918642777931905
2022,PIT,348,267,14,71.47,4,9,800,2,0,60.004000000000005,58.059375,70.546875,58.36,61.075,61.44642857142857,40,173,1,20,613.0,10.674074074074074,123,37,31,1874.5,342,45,0,2831,1879,4482,12062,4804,288,1417,2469,630,1296,7258,2875,4705,1252,378,728,43,511,258,29,4179,1830,11.089473684210526,2.7186882492907483,0.4361243289104318,0.3239258068766831,0.2980714431792258,3.2411729587971294,152.86958194045167,1.0874940216539954,2.8605875354296915,2.1833998223208164,288.2,1.6333395755319493,0.9676151619119365,0.061714124077499204,1322,15.952983722599997,0.01206730992632375
2022,SEA,357,257,12,69.94500000000001,8,14,1131,10,0,60.44571428571428,61.77179487179487,70.65897435897435,60.23225806451613,60.07272727272728,57.71515151515151,53,188,1,14,645.0,10.86969696969697,167,51,45,1901.1,383,48,0,3131,2227,4965,13913,5605,405,1690,2683,827,1674,8308,2920,6028,1265,439,863,49,563,289,28,4423,2467,11.263157894736842,5.950070597137395,0.4384569593109138,2.3382139783770413,0.2988130059230842,2.955494758763981,158.46742093978517,0.5251877924065059,0.33015415250454894,1.2573359488673095,358.7,3.3700811571464646,1.1764251543249657,3.1172021793286593,1521,34.3464530085,0.022581494417159762
2022,SF,396,268,9,71.7875,14,14,868,9,1,65.10645161290323,63.667741935483875,66.59677419354838,62.925925925925924,62.145161290322584,64.14516129032258,82,244,2,23,611.0,9.203333333333335,109,41,62,1437.6,452,54,0,3325,2298,5539,14210,5579,84,1952,2793,750,1613,8631,3564,5107,1395,467,857,57,646,380,23,4676,2158,11.39375,5.051584836279624,0.7647740201745228,0.5458963164282852,0.3199926880503141,2.2253625381689774,123.11241992549031,0.9038339501036898,0.9378584944749594,0.7672652322515344,276.1,1.6926058646369135,0.8169582783830954,0.1204082712434492,1588,-141.702358483,-0.08923322322607054
2022,TB,346,239,6,82.95454545454545,2,13,1020,11,0,60.81333333333334,60.02058823529412,60.879411764705885,61.5,57.61071428571428,55.95357142857143,69,165,1,10,589.0,13.942857142857141,145,43,46,2268.1,389,53,0,3023,2199,4826,13319,5613,408,1747,2916,542,1290,7706,3217,5276,1183,443,791,62,559,287,33,4073,1838,9.231818181818182,3.982136233970562,0.447593147910838,0.9996558474624595,0.3003091636106448,2.4228952397449675,162.8150278051166,1.2581409129607979,0.2531836312409065,1.031360699116045,390.4,2.5484816434926953,1.9002197422022404,4.100090272955862,1481,-9.03381159736,-0.006099805264929102
2022,TEN,333,217,22,75.4,15,11,1178,7,0,60.357142857142854,62.449999999999996,59.15263157894737,61.8448275862069,65.55277777777778,59.86666666666667,64,227,1,14,754.0,10.587878787878788,128,31,57,2468.1,436,41,0,3026,2116,5369,12736,4849,264,1446,2432,707,1312,7887,3261,4106,1422,390,744,49,595,332,29,4913,2158,10.954166666666666,5.5084752983011125,0.1718604040868276,1.6339501101200409,0.2991482328132846,3.153466155264714,201.1284660301573,1.2594441084646988,1.328930556408373,2.170632716289314,349.4,2.0056099221411325,1.0585822513277683,1.2035833693318383,1437,-13.208635840769999,-0.009191813389540709
2022,WAS,315,213,14,72.215,5,7,1216,6,1,64.12068965517241,60.98684210526316,68.17631578947368,60.48275862068966,59.449999999999996,61.0,68,166,2,9,612.0,9.725806451612904,105,36,36,2015.1000000000001,308,42,1,2723,1899,4219,11482,4516,285,1393,2268,570,1180,6966,2677,4586,1153,388,688,56,465,276,26,3551,1628,10.84,4.7671849836828155,0.8095724062484676,1.114960145366227,0.49132459401127637,2.652644087390078,152.10863639919705,1.415157465214673,1.1549389778794812,1.072710692561951,301.5,1.983572221187655,1.1479744068456066,3.0873957375376597,1310,-53.880451413150006,-0.041130115582557254
2023,ARI,326,256,6,71.4,0,4,34,4,1,59.04642857142857,53.682352941176475,69.91764705882352,58.52258064516129,52.523529411764706,58.15,28,184,0,10,577.0,13.534375,127,24,29,2041.8,283,36,0,2722,1334,3623,11202,5131,468,1233,2552,878,798,6071,2547,5032,1217,368,712,48,384,248,27,2980,1329,10.305263157894737,3.5657229708137494,0.3329597189694611,0.41313661072772273,0.2281128051151666,2.20058171344079,148.12559317162487,1.4307054560327859,1.342294659761844,0.8686481849020222,433.1,1.8674334417490217,0.9983806101454656,0.09379589078639569,1363,84.88932367379999,0.0622812352705796
2023,ATL,323,265,8,74.77777777777777,7,17,62,8,0,57.988,64.12903225806451,70.2709677419355,61.8423076923077,67.00322580645161,58.88214285714286,53,180,1,8,465.0,11.564285714285715,149,33,44,1785.5,338,47,1,2556,2151,4472,12518,5064,298,1610,2659,497,1466,7454,2799,5247,1270,427,759,57,499,280,24,3685,1669,10.116666666666667,5.0899649124981945,0.4102194263580679,0.6347707392961954,0.2521685177217346,2.237218017158943,132.9647436842447,0.7250533854543043,0.19673334921012928,0.8017618902972491,323.8,1.8458898320601032,0.9000428010352657,1.0926546030856106,1415,-61.994324622099995,-0.04381224354918727
2023,BAL,374,265,16,69.34347826086957,1,15,87,10,0,68.12758620689655,68.41034482758621,73.53448275862068,66.548,60.47586206896552,57.03103448275862,67,316,1,18,573.0,15.044827586206896,163,48,43,1907.9,433,64,0,2994,2415,5885,14126,5594,298,1790,2940,566,1605,8532,3669,4572,1518,454,827,52,650,447,19,4119,2120,8.357142857142858,3.559946375841865,0.6642901750173804,0.7308969379761929,0.28395917758346,2.7719656332703884,128.82571990736608,0.4988544575142632,0.3429183844549026,1.4294605891679242,436.3,1.843088753215759,0.9048386010601925,0.0685569882059238,1619,-177.9404621927,-0.10990763569654108
2023,BUF,393,240,19,76.875,7,16,152,13,0,63.14545454545455,61.892105263157895,61.5921052631579,64.94571428571429,56.938235294117646,53.97878787878788,69,257,2,20,547.0,15.093939393939394,174,43,59,2202.9,426,62,0,3217,2656,5495,13566,4952,216,1378,2646,712,1161,8614,3251,4820,1558,411,805,55,589,388,25,4392,2033,9.745833333333334,5.28098966917298,0.567991508158067,1.1309797842010039,0.3275303075684426,2.985834276808787,178.6447398468051,0.6744307376458996,1.0058309785050956,1.1680186602980298,498.1,2.0870635118959697,1.0038957577513892,2.113512631562453,1492,-66.1509193066,-0.04433707728324397
2023,CAR,336,259,15,75.38,10,5,170,2,0,61.26060606060606,60.920588235294126,69.11176470588236,62.79642857142857,58.89696969696969,52.525,43,116,2,9,677.0,14.415625,153,41,42,2355.1,329,30,0,2661,2174,3902,11741,4746,585,1055,2068,1038,1148,6995,2298,5541,1012,369,739,52,468,189,20,3339,1518,10.1,4.385892037806836,0.6550759359605456,0.7373396457254384,0.2647784347296838,2.0996547189002417,191.12882699694964,0.7748628787427283,0.3356754270475367,1.6031101714159481,461.3,1.9385437814487811,0.9285656818651181,0.0807854015716021,1310,20.510551791399998,0.01565690976442748
2023,CHI,318,229,9,71.66315789473684,7,10,162,5,0,61.837037037037035,60.1037037037037,65.91481481481482,60.935,61.31923076923077,58.508,65,197,2,22,624.0,12.284,139,44,43,1773.3,409,45,0,2721,2002,4746,12077,4921,407,1229,2694,591,1269,7156,3225,4106,1164,395,735,58,578,307,31,4239,2202,11.1,4.272015009905787,0.3667817143933638,1.6585951787361068,0.3332904210694023,2.22954870708759,153.29536421612895,1.1013579954599249,0.406677325283341,1.8882490775181313,307.1,1.5295259115165756,0.796768428509162,0.0850816310885482,1337,-75.09248392490001,-0.056164909442707564
2023,CIN,347,253,5,75.95,6,10,189,8,0,59.534615384615385,62.02222222222222,68.13333333333333,64.03181818181818,61.18518518518518,62.51111111111111,64,199,1,17,596.0,10.044444444444444,124,33,37,2001.8999999999999,364,51,0,2759,2018,4611,12079,4810,278,1783,2420,329,1159,7269,2869,4599,1332,359,748,46,520,314,23,4480,2008,11.200000000000001,2.2859447175262493,0.4078410926530822,0.4428817806856103,0.1887394678126582,2.380123415273919,168.3395584539981,1.8977147812277118,0.278137595163457,1.0946529643727916,271.2,1.695517132696501,0.9307544494395463,0.0528683795812857,1359,11.975097439199995,0.008811697894922733
2023,CLE,372,195,19,63.48148148148148,10,12,256,8,1,65.9125,64.30625,57.25,65.42068965517241,56.58709677419355,57.696875,58,254,2,18,721.0,14.346875,146,52,69,2208.2,325,53,0,2859,2033,4599,12186,4757,85,1803,2645,224,1269,7429,2969,4618,1268,422,689,86,508,365,26,3428,1886,8.729166666666666,4.6114305260765995,0.5401867767922099,0.8124642270135471,0.602670465863699,2.6910105261239186,140.82744697028414,1.5252781399438058,1.5990558554355632,2.2125984096131033,459.1,1.7720262074675366,1.0114667184787134,0.1663595962551254,1464,-185.1563851133,-0.1264729406511612
2023,DAL,388,262,9,75.58695652173913,10,14,324,9,1,62.49032258064516,62.88333333333334,64.21111111111111,64.712,62.5030303030303,63.071875,54,264,5,17,580.0,13.490625,104,36,62,2088.9,324,51,0,2833,2053,4487,12381,4871,272,1436,2545,618,1288,7510,2891,5003,1304,366,737,50,489,369,24,3753,1902,10.1,2.9709849225542175,0.2311362964856503,0.557587121548683,0.38207842882657184,3.060426149214976,174.15201313621222,1.7549891788200265,0.44911537969175097,1.5317334588750027,431.7,3.645727473176849,1.4077409421742222,1.9607278414132547,1426,-76.68481255606,-0.05377616588784011
2023,DEN,309,245,9,69.68125,6,16,330,13,1,55.22608695652174,56.842424242424244,66.28181818181818,64.26666666666667,57.7375,50.94782608695652,56,191,0,9,517.0,15.143478260869566,162,34,42,1542.4,354,45,1,2497,2064,4137,11637,4877,506,1264,2281,826,1062,6760,2842,4658,1104,366,711,43,499,292,28,4058,1891,11.473333333333333,2.921719070646168,0.7014189992850874,0.6090669162348062,0.1987643329986677,1.5217605086366117,124.65739113076661,0.7370557500160503,0.2588869712303694,0.8245251904406558,348.3,1.2642602170685286,0.6234024541811378,3.6135777146931725,1398,6.472387017800003,0.004629747509155939
2023,DET,382,241,16,78.1590909090909,8,12,341,6,0,58.6,61.62903225806452,68.43548387096774,64.26428571428572,64.59032258064516,56.06071428571429,86,276,1,19,741.0,11.757142857142856,169,43,53,2176.2,442,50,0,3327,2329,5604,13952,5494,304,1619,2799,772,1244,8458,3574,4774,1558,404,821,52,639,412,34,5533,2307,12.681818181818182,6.251733819586708,0.7155363762499658,1.6369527550146574,0.3281987606277764,2.5215915298175675,218.27666945576723,1.102779572425732,0.7980553953380429,1.9844998627405672,329.2,1.5326815518475996,0.7404633377808106,0.1265355245442707,1602,-16.776706430759997,-0.01047235108037453
2023,GB,362,279,10,68.795,6,11,384,9,1,61.021428571428565,61.471875,63.903125,63.35,59.05,59.75,67,250,2,8,540.0,11.303846153846154,163,40,48,1858.4,396,59,0,2950,2091,5009,13586,5557,258,1644,2802,853,1466,8029,3261,5316,1512,417,850,49,557,376,22,4269,1979,12.43888888888889,4.0638700302158455,0.6976640521545138,0.43758271959739287,0.209125230673911,1.7981909636139424,177.5625123271408,0.8030533765053882,0.3448246427348591,1.2123830561137057,293.9,1.8230511039534147,0.8599222673459211,0.2381746595444589,1561,8.658281125599997,0.0055466246800768716
2023,HOU,402,318,7,75.32727272727273,8,14,481,7,1,64.03636363636363,62.481081081081086,67.11351351351351,62.120000000000005,60.63055555555555,57.13055555555555,77,249,2,17,764.0,11.597222222222221,194,44,55,2080.9,423,58,0,3497,1996,5389,14921,5857,235,1737,2856,1029,2011,9064,3603,5929,1560,536,943,92,584,384,20,4697,2154,11.654545454545454,3.5633098888567254,0.4286604209079101,0.5555008534056946,0.6132288029606383,3.180027252436233,184.56303938569891,0.6716833361669199,0.4295148154493502,1.173766676552299,417.5,2.2265618398461413,1.2338368586590325,0.1574656518457658,1585,-63.574939331096,-0.040110371817726184
2023,IND,323,224,13,69.3875,4,16,448,8,1,60.20399999999999,60.609375,62.96875,64.91818181818182,58.190625,53.179310344827584,53,166,3,15,521.0,15.286206896551725,153,36,46,1393.3,353,60,1,2776,2127,4372,12460,4861,62,1606,2487,706,1449,7599,2815,5273,1236,412,767,61,511,279,21,3999,1822,12.18125,2.49871623229791,0.7232674128790938,0.5827363599695705,0.3203511050431128,2.2859064262756497,138.52913887287397,0.6917616816319362,0.8408602576285501,0.9595329520714625,443.3,2.0108393103669373,1.1086944325657755,2.1119133939877113,1484,-23.844422931877002,-0.016067670439270217
2023,JAC,345,240,13,71.47,10,10,480,10,0,61.22592592592592,60.4625,63.496875,62.18333333333334,58.92258064516129,55.19230769230769,69,223,2,16,634.0,13.203846153846154,159,45,37,1774.1,404,44,0,2885,2030,4859,12235,4945,366,1340,2388,851,1181,7290,3144,4232,1183,381,738,45,570,336,27,4355,2203,11.305263157894737,3.2553343824470913,0.3210938777198839,0.6003544961584698,1.2541718741527024,3.014190645321806,154.96828276023143,0.4502086870750919,0.7112224617354574,0.8698911038581819,343.3,2.338281667926913,1.7207483836708883,6.15326957785477,1386,-53.740009873700004,-0.03877345589733045
2023,KC,425,235,29,74.67619047619048,16,19,560,12,2,61.813793103448276,62.29714285714286,72.11428571428571,64.57037037037037,60.455882352941174,55.839285714285715,81,276,0,10,546.0,13.810714285714285,156,44,56,1884.7,430,75,0,3371,2449,5832,14960,5951,273,1907,3067,704,1482,9009,3735,5393,1665,460,891,54,643,432,24,4284,2214,9.504761904761905,3.7894488664405235,0.6845806911592918,0.9051312160810573,0.39220611612678147,2.3119954761520964,146.0816288874528,0.5611881323600338,0.5571557813676102,0.7608348831782982,386.7,1.6881080191189761,0.8414618269509877,5.0596234716433734,1682,-108.19335681554,-0.06432423116262782
2023,LAC,316,210,11,76.52222222222223,8,13,918,10,0,61.306451612903224,60.51470588235294,68.6029411764706,62.355555555555554,60.27352941176471,59.80344827586207,42,212,0,8,557.0,12.013793103448275,132,49,43,1781.4,396,50,0,2704,2066,4764,12295,4689,357,1205,2671,456,1482,7606,2740,4791,1343,374,756,46,559,304,25,4563,2266,9.683333333333334,3.5301491010875,0.269219138291064,0.5602730507574684,0.1830013056105335,2.3754302471587576,129.42488651476233,0.549506262260399,0.1440101671491265,1.1568433829465772,348.4,1.9444277492923776,0.9054882494017941,3.0814708220683755,1422,-22.16234493308,-0.015585333989507736
2023,LAR,362,262,9,73.6263157894737,9,7,910,5,0,55.150000000000006,58.45142857142857,71.30857142857144,61.91153846153846,60.89142857142857,60.12413793103448,53,232,0,10,597.0,9.613793103448277,151,49,44,1986.7,389,49,1,2596,2139,5133,13088,5443,512,1231,2590,1110,1512,7645,3160,4795,1376,375,760,47,581,334,25,4472,1941,12.321052631578947,2.4440929399011546,0.1867626261945575,0.4561170243213874,0.20640540906510652,2.5013102325234335,170.23852544289133,1.2797347942046766,0.2018423088298863,1.0576574601563764,278.8,1.7380961577616756,0.8688231434943168,4.6113779539228,1479,-22.243422203230004,-0.015039501151609198
2023,LV,323,251,7,81.53999999999999,12,13,759,8,2,61.753125,61.71212121212121,66.12121212121212,62.04782608695652,61.54516129032258,58.556666666666665,44,216,3,13,702.0,11.49,143,30,43,1991.0,374,48,1,2878,2061,4608,12394,4890,218,1716,2429,527,1365,7504,2851,4935,1189,404,772,45,514,308,22,3931,2303,10.565000000000001,4.156995873976711,1.6053654890880544,0.6812426662918606,0.2021438863765147,2.9641444340518444,173.14724600603262,0.9747890315854557,0.40866470033424873,0.7347408875434092,344.7,2.0403071127558774,1.124653351237272,0.10348340417393839,1389,-93.484714458585,-0.0673036101213715
2023,MIA,356,250,19,77.30833333333334,14,17,595,12,0,63.740625,67.11714285714285,69.48,66.87666666666667,67.42,60.084848484848486,89,255,4,15,642.0,9.98125,151,35,51,2214.0,407,64,0,2876,2174,5047,13324,5309,225,1900,2678,506,1411,8015,3316,4961,1532,417,796,50,557,408,28,4407,2106,10.112499999999999,4.76724509437024,0.5166383937599734,1.3454223655926214,0.3589583025384207,3.3997929542775442,184.83477365421587,0.8613746655366089,1.4022715801170973,1.2410046427635235,319.4,2.015142449273697,1.2296794027013764,1.12088337421463,1475,-21.44285388681,-0.014537528058854237
2023,MIN,318,268,11,79.55714285714286,6,21,540,11,2,62.97931034482759,60.64666666666667,72.78999999999999,59.144,59.92413793103448,57.41724137931035,50,195,0,11,600.0,12.024137931034483,147,32,25,2083.1,426,48,0,2863,1983,4512,12422,5359,341,1204,3132,682,997,7063,3203,4707,1220,406,801,40,563,293,23,4283,2284,10.41904761904762,3.06954264772772,0.3354187620601498,0.5808738084240118,0.1812115869405348,2.3257217169418047,163.20562882338507,1.3196626162844962,0.23173045841432519,0.8257916041881527,348.7,1.601717954614611,0.8786775342507142,0.1186573763424765,1404,-45.8309258624,-0.03264310958860399
2023,NE,355,277,11,72.91499999999999,2,12,608,6,0,60.51379310344828,62.496875,72.1,59.55862068965517,66.6655172413793,60.66428571428571,43,204,0,11,604.0,11.060714285714285,134,42,35,1904.6,423,39,1,3019,2701,4913,13281,5128,683,1052,2462,931,1104,8153,2936,5432,1318,412,814,56,603,286,24,4586,2070,10.53,4.35565138476237,0.8242437316805862,0.39479066846106,0.2414334067203641,2.0796983693940185,151.65554172754983,0.8522495135354227,0.3356487312369662,1.2024736197716048,309.7,1.6469624422925502,0.8125501368151623,0.0684116255453061,1409,-92.35474182142,-0.06554630363479064
2023,NO,336,265,15,73.66111111111111,11,7,720,10,1,64.41785714285714,62.56944444444444,72.67777777777778,60.47241379310345,61.47941176470589,58.36129032258064,41,207,1,18,569.0,14.348387096774195,125,47,50,1583.7,336,38,0,2537,2060,4620,12260,4992,327,1548,2647,470,1312,7268,2808,4832,1337,408,731,46,515,286,22,3801,1927,10.633333333333333,4.330235632375357,0.3989642943758049,0.6398394240560226,0.2985947048934178,2.811004861945944,130.9025790158556,0.9159827406499609,0.8135724446132291,1.3067602735783213,444.8,1.945791996733692,1.1815605659525021,3.071204369072927,1391,-152.3043935936,-0.1094927344310568
2023,NYG,319,217,14,81.72857142857143,16,15,567,10,0,63.5,58.31111111111112,66.88888888888889,57.050000000000004,56.2037037037037,49.751999999999995,37,164,3,18,638.0,21.16,149,38,44,2052.3,371,39,0,2754,2022,4279,12106,4869,830,973,2634,432,1249,7237,2822,5005,1212,363,760,53,537,240,21,4156,2326,10.814285714285713,1.946791474357826,0.2588498105368915,0.3070957310781317,0.2163893317484405,1.6070894319055824,185.28751785620736,0.7373022290085194,0.5845096559939371,1.0866846717101561,529.0,1.3268797692072707,0.6478468238747652,0.10632957336062329,1393,-44.1262996074,-0.031677171290308684
2023,NYJ,329,245,11,56.940000000000005,7,13,660,8,1,68.10416666666667,64.11333333333333,60.083333333333336,63.88333333333333,60.834482758620695,61.0,56,237,2,17,481.0,10.941379310344828,145,44,54,1120.1,307,53,1,3084,2083,4271,12231,4688,103,1281,2412,892,941,7543,2654,5306,1435,447,734,64,462,346,19,3129,1823,11.416666666666666,4.352264812997467,0.49533091614469593,0.3187967000492298,0.2251952316571324,2.2143169104213976,99.26219981699774,0.5626407225049369,1.550970150906212,2.361679006426785,317.3,1.814714693285308,1.0867515702060813,0.262056031276317,1422,-152.43124773136,-0.107194970275218
2023,PHI,349,250,5,71.43478260869566,7,13,744,8,1,59.77333333333333,63.57741935483871,68.48064516129033,64.94782608695652,64.68709677419355,60.833333333333336,69,237,2,9,691.0,12.593333333333334,133,45,49,2188.8,466,57,1,3107,2322,5729,13783,5159,367,1410,2509,873,1612,8624,3397,4657,1583,396,837,45,679,363,38,5059,2440,9.927272727272728,4.014365472037729,1.4019555666017418,0.6900849707708332,0.2733894598763777,2.720767546163462,158.28576694604467,1.045254479270991,0.2634374442286842,0.9736978494971327,377.8,1.9756543386459782,0.9413571313761526,0.107954270037051,1518,75.5920869644,0.049797158738076414
2023,PIT,373,255,16,73.31304347826087,7,17,800,11,1,62.10322580645161,65.26875,70.94375,64.5037037037037,62.44193548387097,58.33870967741935,65,242,1,16,724.0,11.387096774193548,142,36,45,2174.1,369,51,0,2753,2207,4858,13142,5397,421,1492,2637,847,1448,7745,3181,5103,1337,420,782,49,559,358,26,4366,2008,12.56086956521739,5.673466331600855,1.0091936334988039,0.9118486243040824,0.3126710431917313,3.058742959359321,204.62238708880585,1.215187854071283,0.6703400617292511,1.1765989662140979,353.0,2.1138746533547845,1.0769964048934904,0.1459562787839663,1482,-73.35927825136,-0.049500187753954115
2023,SEA,344,274,16,78.52608695652174,12,12,1044,8,0,59.84375,61.12222222222223,60.31944444444444,69.07407407407408,58.919999999999995,49.37096774193548,55,230,3,11,631.0,17.04,183,44,59,2360.2,393,52,0,2905,2239,4812,13508,5509,408,1911,2692,498,1537,7999,3192,5504,1307,448,848,62,544,337,21,4301,2159,11.930434782608694,3.55207483303357,0.9052204346814768,0.6970568698117332,0.4587293901101797,2.720163118488267,208.37497397314476,2.0804617691804257,0.2071672802353264,0.8412765871282593,511.2,2.1096285307887697,1.2324936815720706,1.0891775727808912,1472,59.1666870336,0.040194760213043475
2023,SF,409,283,13,76.93181818181819,16,12,1092,7,0,62.96363636363637,63.09487179487179,65.82564102564102,62.99285714285714,60.33947368421053,60.796875,93,363,1,25,582.0,13.993548387096775,163,46,74,2058.6,494,72,0,3236,2400,6034,15455,6543,42,2406,3369,726,1621,8912,4371,5050,1645,474,891,59,702,528,25,4807,2435,10.80952380952381,4.96694999393057,0.39892934634685706,0.6036002597922931,0.2788434648122278,3.3467105250822944,180.07903870646925,1.8371633328622785,0.8796354552650488,0.9507052838198108,433.8,1.8813318759051618,1.1083148809424792,2.1058050242525463,1613,-37.379226911399996,-0.023173730261252322
2023,TB,381,259,8,73.60499999999999,6,19,870,12,0,61.01481481481482,61.58965517241379,64.85172413793103,63.47692307692308,60.165517241379305,55.92068965517242,50,252,1,13,582.0,14.331034482758621,138,41,48,1836.6,459,56,2,3093,2318,5322,13824,5718,385,1660,2845,828,1339,8106,3621,4881,1356,439,838,63,644,358,26,5105,2429,10.735000000000001,4.024944776210554,0.46044690855117537,0.2548320097763973,0.2893542661660957,2.622406705645066,157.12907071756692,0.458355346863411,0.29631751690575187,1.0783615727164109,415.6,1.6598020000631732,0.8958425738988989,0.0924880674919648,1544,-57.14118636264,-0.03700854039031088
2023,TEN,314,262,6,79.85,8,9,1147,5,0,60.95517241379311,60.13243243243244,64.22432432432433,62.55806451612903,59.50285714285714,59.50322580645161,34,186,1,7,469.0,11.96774193548387,148,29,58,1934.2,390,45,0,3095,2140,4856,12510,4507,179,1296,2405,627,1232,8003,2733,4921,1535,402,800,53,532,265,20,4191,1845,8.165000000000001,4.643102381637465,0.3557328819495355,1.4573806814542074,0.3610210552046481,2.19697990567267,127.97353608592,0.5083036220521073,0.17093192830714,0.7974565314587182,371.0,1.9765068058989665,0.908922250097888,0.1060507839315414,1410,46.9000511686,0.033262447637304966
2023,WAS,290,247,11,76.99473684210527,7,8,1056,10,0,58.42758620689656,55.56363636363637,72.76666666666667,61.59615384615385,56.834375,56.67666666666666,35,141,0,8,706.0,15.046666666666665,137,47,34,2117.3,395,27,0,2950,2168,4709,12044,4246,280,1594,1778,594,1341,7798,2528,4807,1338,373,772,56,548,203,39,4616,2241,11.947368421052632,3.4971816668791096,0.4746393900309301,0.3110785949911804,0.4364752041803755,2.039064414900845,163.47915448977622,1.2607672948761968,0.1718115609368332,1.2801520462022273,451.4,1.9895279625472069,0.8084164465113334,0.0929823992374881,1436,106.55391520970001,0.07420189081455432
2024,ARI,378,281,15,77.05714285714286,4,18,34,8,0,60.510714285714286,60.2235294117647,69.08235294117648,60.57666666666667,61.00909090909091,53.6741935483871,36,186,0,9,498.0,13.716129032258063,165,26,34,2036.7,373,44,0,3096,1901,4442,12143,5015,493,1100,2470,952,930,7128,2843,4858,1201,368,764,55,498,266,19,3935,2036,9.565000000000001,3.831522651919074,1.4179087911119792,0.3882962889122269,0.38355270685728193,2.510410989248513,151.9966268551408,0.8419876890465122,0.49658119658119626,0.7578695985816725,425.2,1.8425458190204556,0.9799133279025796,0.0874423683317133,1343,66.788850821,0.049731087729709605
2024,ATL,365,251,8,77.14736842105263,4,11,74,5,0,62.38709677419355,62.178378378378376,62.08108108108108,58.871875,60.73030303030303,51.89,46,161,3,12,603.0,16.066666666666666,177,33,32,1909.1,404,33,1,2623,1997,4782,12275,5087,472,1428,2585,602,1434,7188,2874,4619,1101,378,782,52,541,240,34,4004,1977,9.668421052631578,4.17903193371607,0.3557286836370755,0.6890678585568123,1.4033392183271687,3.9897129235493627,141.83609793648515,1.5215902998837665,0.345356186249527,1.2597291042560903,482.0,2.3248584164470723,1.4527348970719567,2.6045249980396634,1396,61.2907341023,0.04390453732256447
2024,BAL,369,248,14,73.14285714285714,7,12,90,5,0,60.832142857142856,62.39,68.8,63.248000000000005,63.81666666666667,60.276666666666664,74,201,2,12,659.0,11.47,131,48,64,2185.1,426,60,0,3134,2466,5602,13488,5268,265,1866,2744,393,1300,8220,3398,4488,1320,411,773,41,610,335,30,4778,2158,11.195,4.389100063193684,0.6973050444504125,1.0541345045012487,0.2850934141192389,2.594891640933596,171.08823950284406,1.0930677927429562,1.1514185188816355,1.2273004772155134,344.1,1.8628893693610904,1.0170624350942221,0.1482587425318417,1562,25.265985948999997,0.016175407137644045
2024,BUF,413,282,9,71.4047619047619,10,18,156,17,1,58.403225806451616,57.784615384615385,68.56666666666666,63.919999999999995,57.76756756756757,54.581818181818186,74,215,2,17,586.0,15.515151515151516,178,28,63,2028.9,441,47,1,3524,2319,5320,14134,5513,151,1889,2838,635,1448,8621,3422,5392,1308,441,877,70,607,336,31,4709,2329,10.785,4.505772213708135,0.9596151023733331,0.8448818516457923,0.3793174857139214,2.743525889232749,165.8943830198824,0.8502940383321019,0.3818115685213591,1.8076773083932658,512.0,2.344451990394158,1.0097499896049114,8.10954178463586,1586,12.029225767579995,0.007584631631513237
2024,CAR,309,288,11,81.31739130434782,9,7,220,7,0,59.03947368421053,54.83863636363637,68.76590909090909,55.74444444444444,55.05348837209303,56.38421052631579,25,128,0,9,665.0,14.04736842105263,159,31,45,2561.4,338,29,0,2951,2168,4094,12658,5085,514,1643,2185,743,1419,7573,2529,6035,1014,338,796,33,470,182,35,3832,1748,11.039130434782608,5.4971295013709,0.6743291403999662,0.6230334569581452,0.7106576564331635,3.188008694882697,205.79433207109517,2.4298828764403706,0.20065188616467572,0.8617367854518221,533.8,2.3863982559575425,1.0776375530730136,2.099783870098296,1485,180.257607674519,0.12138559439361549
2024,CHI,328,250,10,75.28947368421052,5,14,180,13,0,62.26296296296296,62.26,66.96666666666667,63.324,61.830000000000005,59.20357142857143,64,180,1,11,616.0,10.882142857142856,126,39,31,1803.1,325,44,0,3045,1945,4048,11736,4534,311,1353,2338,532,1253,7202,2541,5147,959,373,745,49,459,288,17,3959,1941,12.631578947368421,4.1664596547166655,1.8666976635247392,0.4343848186631429,0.3402106023310378,2.9889885405094705,180.3815257228497,1.1382851191158723,0.4689478575489693,1.2882813845330978,304.7,1.7296078921460396,0.9653457828089067,0.2789993876656882,1332,14.845373584300003,0.01114517536358859
2024,CIN,355,255,15,68.61739130434783,6,11,238,9,0,60.94375,62.667647058823526,71.76470588235294,59.150000000000006,62.1551724137931,55.123333333333335,60,168,2,15,588.0,11.548275862068964,147,36,45,2043.9,384,37,1,3063,2151,4900,12586,4822,233,1677,2598,314,1261,7764,2872,4814,1278,367,773,40,539,265,31,4149,2049,9.380952380952381,3.159833470695626,1.116076607652456,0.6486138129852766,0.2645125729314094,2.6758510988293343,141.17620042600188,1.189787407185607,0.5541878900201858,2.0033160280136384,334.9,1.8714123341135036,1.006184551101802,2.271090845398022,1411,79.06371437454,0.05603381599896527
2024,CLE,355,230,4,74.98695652173913,7,11,288,7,1,57.593939393939394,60.68055555555556,66.44722222222222,62.534375,62.074999999999996,49.199999999999996,59,214,0,4,683.0,17.32121212121212,184,47,37,2404.4,315,40,1,3102,1875,4090,11565,4397,56,1445,2376,520,1099,7168,2493,4982,1092,376,702,73,469,313,26,3853,1864,12.51304347826087,6.253624415894509,0.4721731727041222,3.1720354872585665,0.457869505197495,2.425879162563396,219.87445183633545,0.7432005813253575,0.09536268997383501,1.9127421634513295,571.6,2.0601787956836626,1.1590115196071993,0.0870633340401856,1365,-15.28398667727,-0.011197059836827838
2024,DAL,336,228,6,71.94500000000001,14,16,306,8,0,60.38709677419355,58.338235294117645,65.38235294117646,62.65185185185185,56.10625,54.96551724137931,49,189,1,13,696.0,14.068965517241379,156,35,53,1914.6,349,61,0,3056,1981,4289,12131,4746,487,1235,2415,609,1207,7385,2817,5025,1130,389,728,30,480,299,28,4049,2138,10.334999999999999,2.6185440525838337,0.8321021444402591,0.5098892082898623,0.1527555913305129,2.0459928697740812,146.39635490771764,1.0039390976772378,0.3862483654703765,1.4636153159622645,408.0,1.8124405079351915,0.8808056751781368,5.14644230215427,1397,71.33796350914,0.051065113463951324
2024,DEN,351,257,12,66.39545454545454,8,8,320,7,2,59.851724137931036,62.496875,65.71875,63.09285714285714,63.80357142857143,60.364285714285714,71,260,3,15,662.0,11.62857142857143,153,32,59,1981.1,410,78,1,2922,2218,5210,13316,5439,226,1263,2584,1366,1355,7877,3437,4669,1360,450,788,43,573,409,23,4357,2114,12.815000000000001,3.882062404676202,1.0468257865288382,0.2441650747775409,0.1725949329331659,2.9417861345077334,193.48654010105287,0.9815189798449186,0.5211575597870319,1.947219636876845,325.6,2.3101727192870243,1.1098401795316175,0.6507854558454754,1528,-83.54734178738101,-0.05467757970378339
2024,DET,387,214,6,75.04642857142858,7,13,451,8,0,58.315,58.81219512195123,66.02682926829269,60.574999999999996,60.58,57.417948717948725,77,278,1,16,817.0,15.094871794871796,149,48,61,2789.3,421,46,0,3350,2111,5396,13486,5408,486,1400,2774,748,1193,8078,3644,4446,1424,398,774,47,621,401,22,4983,2329,12.52962962962963,4.3194607553915985,0.4450915307748548,1.7346540217887054,0.3066465289356891,2.9838582784692185,257.5682151031056,1.2427671573843964,0.5248392605987541,1.8746952482116899,588.7,2.1332263468268726,0.984519617961123,0.1374969213803803,1473,-28.983149629429995,-0.019676272660848607
2024,GB,347,259,6,62.016666666666666,4,15,324,14,0,64.0,63.9,63.43703703703704,65.385,59.81481481481482,57.88399999999999,42,206,1,17,428.0,13.404000000000002,131,29,44,1518.6,392,49,0,2931,2064,4808,12308,4681,165,1536,2314,666,1371,7627,2793,4707,1261,387,763,57,537,297,25,4057,2002,10.3,3.017411321716496,0.6275990659662104,0.5366631826759797,0.2889711207764849,1.8891727385755255,111.20579664206207,0.6437182723488998,1.4572222812667703,2.1520723167869074,335.1,1.433986709053312,0.7198762703804215,0.0785063169115474,1442,-55.29539305555,-0.03834631973339112
2024,HOU,361,232,8,66.865,9,11,494,8,2,61.2125,61.534210526315796,64.46052631578948,59.6551724137931,63.20571428571428,54.34411764705882,60,218,2,23,806.0,15.71470588235294,154,47,53,1919.3,356,58,2,3203,2178,5025,13073,4824,69,1758,2544,453,1541,8249,3134,4914,1305,421,750,65,564,336,33,4184,2207,12.43157894736842,2.9820161177684246,0.4453770429216531,0.6344629062001942,0.400906789355978,2.8009015217834334,159.69204195275827,1.0924777164914155,0.4894626601637939,1.261722778859947,534.3,3.0427693406036984,2.1073466150392672,2.092139533202975,1520,-44.7423905298,-0.029435783243289472
2024,IND,312,276,8,82.28,2,14,420,9,1,59.784615384615385,61.41,64.57,62.19523809523809,63.53666666666666,53.41153846153846,45,153,0,16,544.0,15.919230769230769,170,30,34,1573.0,376,39,0,3231,1979,4349,12661,4889,121,1744,2563,461,1408,7772,2741,5571,1154,434,819,59,501,237,26,4060,1999,14.293333333333333,2.0107246348629273,0.7305878003028659,0.2764795586595214,0.24421603970104752,3.6027466442993994,182.20337684347592,0.5139625350134257,0.3284202056942038,0.5368008767434246,413.9,1.5784681906141265,0.8476330224607117,0.3018662329768003,1439,12.404232640480005,0.008620036581292567
2024,JAC,331,233,7,78.71052631578948,7,5,495,2,1,59.92142857142857,59.42424242424242,69.77272727272727,59.26538461538462,59.64242424242424,60.80344827586207,31,187,0,6,647.0,10.87241379310345,138,42,52,2026.5,387,34,0,2908,2131,4923,12952,4958,195,1788,2607,368,1616,7994,2808,5221,1328,381,796,50,538,252,29,4577,2294,10.757894736842106,3.9818703863651836,0.5107996302544752,1.2602273989714254,0.1924950316158851,1.717017756124565,156.3433174235833,1.7711260101184298,0.1282955048807401,1.2282121794641494,315.3,1.7170095124525302,0.7072828308570193,5.114442896011541,1464,143.69191223631,0.09815021327616803
2024,KC,382,248,12,79.82727272727273,15,13,464,6,1,61.81428571428571,65.05172413793103,64.08965517241379,62.3,65.11379310344827,64.31724137931035,90,243,0,14,610.0,8.289655172413793,130,31,55,2232.1,439,59,0,3610,2365,5475,14412,5836,214,1819,3104,699,1240,8576,3644,5293,1361,461,880,64,608,392,28,4742,2379,10.568181818181818,4.221364400909604,0.7370662359433149,1.1679550889365373,0.3592346360110939,2.340816472146449,183.27618769118027,1.0286604235124854,0.3753243570046617,0.6429744197196474,240.4,2.199110117339212,0.9128773664943484,0.093747998001849,1616,17.1502494597,0.010612778131002474
2024,LAC,374,262,17,71.18636363636364,7,10,837,8,0,63.41,63.693548387096776,63.39032258064516,64.148,63.63333333333333,55.76,61,203,1,16,644.0,12.373333333333333,165,42,54,2025.8,407,52,0,2834,2142,5420,13454,5113,229,1561,2697,626,2085,8341,3164,4870,1280,406,815,48,580,316,28,4268,1905,10.085714285714285,7.342445779127812,2.034864472068901,1.9517725220681224,0.2537629540330338,2.3648715311724,156.74866185678175,0.9982204387200209,0.9262562125764369,1.6263608479030827,371.2,1.8865946474787147,0.8410368544773662,0.1088591962542898,1452,-77.4885281548726,-0.05336675492759821
2024,LAR,360,316,10,75.61052631578947,17,11,728,7,2,59.43214285714286,62.68214285714286,64.04642857142856,67.03333333333333,60.729629629629635,51.86923076923077,35,267,2,15,580.0,16.942307692307693,183,38,54,1828.9,392,60,2,2895,2134,4976,13586,5619,219,1808,2873,719,1662,7967,3099,5511,1265,422,833,43,559,362,26,4362,2201,11.463157894736844,4.07049981961697,1.2291151163807974,0.33597174939181823,0.170877287308403,1.851895519146628,168.95750388777316,0.8086497196860412,0.6026934449940686,1.0068166279876527,440.5,1.6162192666794937,0.762167054773312,0.10247650253339889,1554,35.12365676104,0.02260209572782497
2024,LV,316,259,20,75.39999999999999,16,6,713,3,0,55.28,56.23870967741936,67.21612903225805,61.611111111111114,61.79032258064516,50.78333333333333,46,162,1,10,560.0,18.07,162,37,45,2067.1,370,44,0,2712,1966,4486,12393,5387,445,1494,2582,866,1247,7006,3030,4877,1081,388,747,54,510,252,29,3979,1988,10.4,2.057926663655959,0.6680519805185015,0.2907874150323226,0.258968235429425,2.376853982179901,173.12612416029702,0.6616191602670921,0.37041240837635303,1.725350473998406,542.1,1.67784540176748,0.8931867690063439,0.239826881529472,1412,-1.3682235407199985,-0.0009689968418696873
2024,MIA,317,230,17,68.16666666666667,5,8,510,6,0,56.839285714285715,58.85666666666667,64.83333333333333,61.44615384615384,61.36551724137931,49.37692307692308,44,204,0,10,523.0,15.642307692307693,159,30,38,1855.1,362,40,0,2861,1906,4581,11711,4741,152,1737,2497,355,1065,6970,2807,4323,1127,350,698,51,511,288,21,3820,2016,9.165000000000001,2.88118412790162,0.2609630455900935,0.4361029767191601,0.2488629455102721,1.7901882185647313,134.91793967009005,0.7949128207977678,1.2820990180032732,0.9083865353075607,406.7,1.531498330116156,0.6386594536507776,2.1284858736253605,1354,-3.395724931230004,-0.002507920924098969
2024,MIN,347,265,21,69.65714285714286,8,9,558,7,1,60.642307692307696,62.86451612903225,72.68064516129031,59.916000000000004,65.77741935483871,61.955555555555556,69,214,2,24,565.0,9.781481481481482,141,36,39,1827.1,431,49,0,2760,2108,5139,13019,5564,319,1345,3095,805,1472,7455,3468,4412,1093,406,775,56,611,332,26,4645,2142,10.936842105263157,1.9494574801913975,0.19967981292794118,0.5608825586150537,0.24742972030961188,2.6053745591069206,161.02635402261296,0.6826437297972752,0.819463901962275,2.0394184901341696,264.1,1.606021817790358,0.8858859300037125,2.097248364521014,1500,-103.21094796450001,-0.068807298643
2024,NE,318,249,8,69.64500000000001,4,8,627,2,1,62.78,61.10909090909091,74.8090909090909,60.65,59.60606060606061,66.22258064516129,32,134,0,7,523.0,7.306451612903226,101,39,32,1913.0,319,32,0,2547,1831,3990,11733,5116,456,1097,2568,995,1107,6617,2677,5066,1122,345,722,38,462,198,26,3437,1572,9.894736842105264,3.083581325118241,0.8320059370083152,0.6100461943637313,0.352367852636825,3.018336236937767,136.98537095920904,0.9634623572664611,0.2495165115854769,1.6514272018702463,226.5,1.9264547010929036,1.0499284627393168,0.060603456071506,1368,68.93258558186,0.05038931694580409
2024,NO,318,212,19,70.62105263157895,5,12,640,3,0,61.474074074074075,56.81875,69.36875,60.35925925925926,56.95625,53.934482758620696,40,211,0,14,598.0,14.589285714285714,160,40,38,1688.5,358,46,0,2805,1777,4633,12531,5298,352,1593,2771,582,1373,7233,3038,4860,1267,363,749,45,518,297,19,4188,2074,11.816666666666666,5.277849817993038,0.7033855442041101,0.6772283890020274,0.2149774034666797,1.848643277940583,143.1952730925498,1.0899852486390418,1.6211747832193029,1.2445493372683085,408.5,1.6817371637190708,0.7594610875283372,0.08396530727164529,1455,9.284208333600006,0.00638089919835052
2024,NYG,319,283,8,76.51739130434783,7,14,819,10,0,58.68181818181818,60.302564102564105,72.18717948717949,64.10322580645162,60.98461538461539,55.722857142857144,42,168,0,5,578.0,15.322857142857142,152,31,36,2318.9,340,52,0,2854,1899,3999,11864,4721,704,1104,2374,539,1238,7143,2660,5205,1141,405,763,60,459,262,22,3699,1763,10.681818181818182,4.785602280395646,0.6411352530603307,0.3662850335092646,0.3369906398625986,3.700768293151826,184.5125156447537,0.6977611707654525,0.2806507719366815,1.3188495962353781,536.3,2.3737800300283607,1.2779828224298464,0.0777397234368749,1359,54.91551432026999,0.04040876697591611
2024,NYJ,353,234,6,67.73888888888888,12,10,748,8,0,60.896875,58.98529411764706,59.40882352941177,59.763333333333335,59.620588235294115,55.806060606060605,40,219,0,7,530.0,13.181818181818182,165,32,73,1595.2,331,48,0,3489,2058,4414,12865,5193,157,1497,2598,941,970,7672,2966,5485,1155,407,766,59,483,307,18,3619,1758,9.86111111111111,5.206977656488676,0.9086485469649314,0.3083828707606581,0.3838285184063693,2.637188610958106,119.54598082500031,0.622815797283882,0.2523973268654118,0.7684335740545047,435.0,1.9907394867601182,1.1431170962896782,0.1801976456070204,1404,68.02603020336,0.04845158846393162
2024,PHI,437,256,21,75.18095238095238,9,24,816,17,0,64.6655172413793,68.46764705882353,68.28529411764706,67.65217391304348,65.571875,54.34827586206896,59,303,2,19,607.0,12.656666666666666,180,61,50,1933.4,444,64,0,2997,2441,5981,14996,6034,165,2088,3188,593,1895,8962,3784,5231,1606,481,880,58,655,426,29,4473,2119,9.223809523809523,2.217852997178353,0.570514582661164,0.2638033743078206,0.24407280507119689,2.628727213228331,142.0925989804715,1.1402548457890662,0.6478465122571454,1.6357637250546406,379.7,3.6150285679944565,0.9373029220166637,2.564940896410689,1642,-117.5316956052,-0.07157837734786845
2024,PIT,373,247,24,74.6842105263158,13,17,725,12,1,61.53103448275861,64.04827586206896,67.36896551724138,65.49583333333334,62.6,59.635714285714286,68,206,0,17,564.0,9.867857142857144,133,31,48,1780.4,401,51,0,2850,2034,4758,13206,5574,343,1466,2924,841,1312,7632,3309,5139,1436,405,799,58,554,325,25,4360,2124,10.436842105263159,3.2977676441398227,0.2884618490831163,0.4266227859276432,0.2708402174754722,2.1472707035289407,142.51016732119598,0.73082067521268,0.4327972548577047,1.0315898804182886,276.3,1.5832253689246878,0.8240671467261564,0.0744873756424384,1461,-16.558866094999996,-0.011333926143052701
2024,SEA,317,220,10,70.785,7,10,928,4,2,58.496428571428574,59.771875,63.459375,61.91851851851852,61.325,54.550000000000004,72,228,2,13,640.0,18.035714285714285,133,38,43,1958.4,346,43,1,2251,2034,4410,12123,5100,248,1677,2564,611,1674,7023,3024,4689,1064,364,720,37,495,343,26,3708,1983,11.647368421052633,3.6845360087833314,0.271454078849619,0.8504655388816794,0.1396871220934761,1.7616077563833594,162.33900345547457,1.4470081393679,1.2594376947249375,1.2771601121877831,505.0,1.5430728269226404,0.672102282385458,0.1019127430470597,1409,-14.456729209520002,-0.0102602762310291
2024,SF,354,242,4,70.79545454545455,11,11,1092,5,0,62.4741935483871,60.67435897435898,63.07179487179488,59.784,58.88947368421053,56.875,42,179,1,11,554.0,12.615625,154,46,48,2004.0,347,42,0,3014,1986,4196,12082,4631,83,1682,2285,581,1272,7451,2619,5267,1146,369,742,43,494,263,24,3594,1844,10.945,1.6974877988454657,0.19568485456728318,0.2125337493115308,0.2397659824488942,2.2273051837498823,161.98376141780753,1.1362991209140816,0.8537119150349349,3.275248005949447,403.7,2.367388855285912,1.019275863193141,1.3052730758897622,1328,85.72020095982,0.06454834409625
2024,TB,365,244,7,75.26428571428572,8,13,1170,8,1,61.07567567567568,61.57692307692308,61.766666666666666,60.061290322580646,62.04571428571428,56.39354838709678,70,242,0,7,775.0,12.329032258064515,168,42,56,2917.0,461,51,0,2954,2238,5469,13330,5357,217,1593,2720,827,1292,7973,3531,4330,1478,392,812,46,625,363,30,4960,2340,10.632,3.0242279761407684,0.4133136127042748,0.499538742664515,0.2561011934155269,3.089562201348071,222.39642736154252,1.3570235073211756,0.0936926485667902,1.9389054565046713,382.2,2.096092453396302,0.9481506326230288,4.142928389021064,1487,19.151999006049994,0.012879622734398114
2024,TEN,310,245,7,73.2,3,10,899,5,0,60.81111111111112,60.11379310344827,68.1103448275862,57.75,61.03448275862069,58.69285714285714,36,141,0,11,540.0,11.703571428571427,134,19,45,1887.1,324,36,1,2825,1913,4058,11792,4677,151,1453,2534,539,1329,7115,2483,5251,1047,387,748,65,454,213,27,3296,1794,11.657894736842104,5.858604925439321,0.3156779935231744,0.9301253872990846,0.2928694753649863,2.0081266822889012,157.3047402713843,0.971266566123322,0.5383120657626068,0.6985140356136993,327.7,2.0323238469874094,0.9954803317634122,0.0804227461766711,1338,50.52433523977,0.037761087623146485
2024,WAS,380,264,10,70.44761904761906,7,13,992,10,0,58.22592592592592,57.729032258064514,67.44193548387096,59.903571428571425,56.196296296296296,56.40384615384615,51,218,2,10,489.0,15.180769230769231,160,39,66,1941.8,367,52,0,3338,2544,5038,14028,5314,193,1585,2792,744,1423,8714,3056,5934,1398,413,847,56,539,321,29,4243,1994,10.031578947368422,4.265075792360712,0.23953434984517438,0.6469295177463079,0.5094385476311459,1.98029273307357,142.3561972341693,0.9516626908144366,0.4278057203091722,0.7116101277195427,394.7,1.489529076951577,0.865420167678171,3.0961137916331958,1612,94.75930362009,0.05878368710923697
