season,team,n_linemen,total_pass_block_snaps,total_run_block_snaps,total_offense_snaps,team_pass_block_grade,team_run_block_grade,team_offense_grade,total_pressures_allowed,total_sacks_allowed,total_hits_allowed,total_hurries_allowed,total_penalties,pressure_rate,sack_rate,C_pass_block_grade,G_pass_block_grade,T_pass_block_grade,C_run_block_grade,G_run_block_grade,T_run_block_grade,C_pass_block_snaps,G_pass_block_snaps,T_pass_block_snaps,C_run_block_snaps,G_run_block_snaps,T_run_block_snaps,C_pressures_allowed,G_pressures_allowed,T_pressures_allowed,C_sacks_allowed,G_sacks_allowed,T_sacks_allowed,C_n_players,G_n_players,T_n_players,total_offensive_epa,total_offensive_plays,rushing_epa,passing_epa,rushing_plays,passing_plays,offensive_epa_per_play,rushing_epa_per_play,passing_epa_per_play
2021,ARI,14,3735,2427,6162,,57.57309435517099,58.79696527101591,164,22,10,132,47,0.04390896921017403,0.005890227576974565,64.6,,,54.7,54.75650040883074,62.608247422680414,523.0,1826.0,1386.0,331.0,1223.0,873.0,5.0,78.0,81.0,1.0,10.0,11.0,1.0,7.0,6.0,66.06696262278,1213,-19.452038836200003,85.51900145898001,472.0,741.0,0.054465756490338,-0.04121194668686441,0.1154102583791903
2021,ATL,8,3338,1920,5258,54.32905931695626,74.48229166666667,68.6457588436668,200,27,50,123,28,0.05991611743559017,0.008088675853804673,49.96905829596413,46.97432432432433,63.83792071802542,88.43643410852714,76.81620915032678,65.12591145833333,669.0,1332.0,1337.0,387.0,765.0,768.0,36.0,93.0,71.0,3.0,12.0,12.0,2.0,3.0,3.0,-79.83472012224,1038,-59.212235048400004,-20.622485073839997,373.0,665.0,-0.07691206177479769,-0.15874593846756033,-0.031011255750135334
2021,BAL,13,3957,2319,6280,68.41473338387667,,67.27923566878981,178,24,22,132,32,0.04498357341420268,0.006065200909780136,73.86779874213836,71.1910923276983,63.115948275862074,69.36139240506328,65.13355704697986,,795.0,1538.0,1624.0,474.0,894.0,951.0,23.0,46.0,109.0,4.0,4.0,16.0,2.0,3.0,8.0,7.8165778745,1225,-21.363346094999997,29.179923969500006,448.0,777.0,0.00638087989755102,-0.047686040390625,0.03755459970334621
2021,BUF,10,4358,2433,6798,67.55516291877008,60.62630497328401,64.10457487496323,207,17,37,153,42,0.04749885268471776,0.003900871959614502,71.8,65.92828854314004,67.43845598845598,58.8,56.53391153512576,67.13081463990555,851.0,2121.0,1386.0,433.0,1153.0,847.0,26.0,107.0,74.0,2.0,7.0,8.0,1.0,5.0,4.0,170.8746179993,1292,-1.2747560584999977,172.14937405779997,447.0,845.0,0.13225589628428794,-0.0028518032628635295,0.20372706989088754
2021,CAR,11,3566,2182,5748,54.550813236118906,59.96319890009166,58.93505567153793,213,27,35,151,34,0.05973079080201907,0.007571508693213685,50.86220472440945,43.302531645569616,68.15846599131693,60.98747346072187,54.79062857142856,64.8,762.0,1422.0,1382.0,471.0,875.0,836.0,31.0,99.0,83.0,2.0,17.0,8.0,3.0,5.0,3.0,-147.60461886945,1139,-38.6526546449,-108.95196422455001,426.0,713.0,-0.12959141252805093,-0.09073393109131454,-0.1528078039615007
2021,CHI,10,3518,2137,5656,64.91930073905627,62.9697239120262,64.16479844413013,194,27,24,143,39,0.05514496873223423,0.007674815235929506,61.7,64.8,66.63236749116608,46.4,69.6,64.55450399087799,701.0,1402.0,1415.0,420.0,840.0,877.0,28.0,73.0,93.0,1.0,7.0,19.0,1.0,2.0,7.0,-94.16993236827001,1109,-43.30749946339999,-50.86243290487,414.0,695.0,-0.08491427625633004,-0.10460748662657003,-0.07318335669765468
2021,CIN,12,4224,2645,6871,54.90014204545455,63.16128544423441,59.55176830155726,228,42,37,149,41,0.05397727272727273,0.009943181818181818,61.427727272727275,48.05864160097028,58.16702064896756,48.86484962406015,60.84561752988048,72.11587015329125,880.0,1649.0,1695.0,532.0,1004.0,1109.0,23.0,91.0,114.0,5.0,16.0,21.0,3.0,4.0,5.0,65.90453087290001,1336,-52.20662628819999,118.1111571611,500.0,836.0,0.049329738677320364,-0.10441325257639998,0.14128128847021532
2021,CLE,10,3162,2396,5559,69.83760278304871,78.60609348914858,76.91433711099118,141,24,14,103,33,0.04459203036053131,0.007590132827324478,83.11426307448494,76.11142643764003,55.76191275167785,74.41680672268907,89.5677966101695,68.79094874591058,631.0,1339.0,1192.0,476.0,1003.0,917.0,10.0,48.0,83.0,1.0,8.0,15.0,2.0,3.0,5.0,16.9179492418,1093,7.891264769799999,9.026684472,465.0,628.0,0.015478453103202195,0.016970461870537634,0.014373701388535031
2021,DAL,10,4128,2472,6615,,78.4722491909385,76.79439153439155,151,15,26,110,60,0.03657945736434109,0.003633720930232558,69.3,79.2724158653846,,68.7,81.0789323164919,80.24080578512397,819.0,1664.0,1645.0,455.0,1049.0,968.0,22.0,54.0,75.0,1.0,5.0,9.0,1.0,4.0,5.0,90.4444519341,1278,-26.193672797999994,116.63812473210001,463.0,815.0,0.07077030667769953,-0.05657380733909286,0.14311426347496933
2021,DEN,11,3185,2225,5410,68.89076923076924,65.77635955056179,68.31894639556377,165,28,32,105,24,0.05180533751962323,0.008791208791208791,69.39262166405024,68.06875981161696,69.461852433281,61.77312775330397,62.799546485260784,70.77412823397076,637.0,1274.0,1274.0,454.0,882.0,889.0,28.0,63.0,74.0,5.0,13.0,10.0,2.0,4.0,5.0,21.522633921180002,1073,-40.6642170954,62.18685101658001,438.0,635.0,0.02005837271312209,-0.09284067829999999,0.09793204884500789
2021,DET,12,3414,2215,5633,,69.66681715575622,68.20102964672466,179,18,38,123,42,0.05243116578793205,0.005272407732864675,69.09985119047619,,64.85867828612928,67.0933660933661,68.65234285714286,71.74083601286173,672.0,1365.0,1377.0,407.0,875.0,933.0,19.0,66.0,94.0,3.0,4.0,11.0,3.0,5.0,4.0,-62.8619909628,1100,-52.432953244,-10.429037718799997,425.0,675.0,-0.05714726451163636,-0.1233716546917647,-0.015450426250074069
2021,GB,12,3590,2270,5860,,58.455991189427316,63.43552901023891,158,20,27,111,25,0.04401114206128134,0.005571030640668524,64.80717761557177,,,52.9156,54.69767981438515,65.07477973568282,822.0,1332.0,1436.0,500.0,862.0,908.0,30.0,53.0,75.0,2.0,8.0,10.0,3.0,3.0,6.0,140.95642168265,1148,-0.5033587121900034,141.45978039483998,434.0,714.0,0.12278433944481706,-0.0011598127008986252,0.19812294172946776
2021,HOU,11,3300,2059,5359,59.052727272727275,51.26274890723653,55.998301922000365,146,21,18,107,29,0.04424242424242424,0.006363636363636364,44.94752650176679,54.795256166982924,71.81474414570685,66.31074380165289,51.668613138686126,43.32293080054274,566.0,1581.0,1153.0,363.0,959.0,737.0,19.0,69.0,58.0,5.0,9.0,7.0,2.0,5.0,4.0,-139.9276838744,1060,-85.0058481798,-54.921835694600006,405.0,655.0,-0.13200724893811322,-0.20989098316,-0.08385013083145039
2021,IND,10,3139,2448,5588,60.3524689391526,71.43361928104574,67.98180028632784,194,21,43,130,39,0.061803122013380056,0.00669002867155145,55.793322734499206,60.584716516023015,62.35174013921114,63.99224652087476,70.05827107790823,76.42539682539682,629.0,1217.0,1293.0,503.0,937.0,1008.0,33.0,70.0,91.0,3.0,3.0,15.0,2.0,4.0,4.0,64.42745512236,1098,29.861732624860004,34.5657224975,473.0,625.0,0.05867709938284153,0.06313262711386892,0.055305155996
2021,JAX,11,3561,1863,5425,67.64026958719461,56.31760601180892,62.9689400921659,154,18,29,107,38,0.043246279135074416,0.005054759898904802,64.08595505617977,63.409537166900414,73.65832747716092,62.89973045822102,60.56188579017265,48.688497970230046,712.0,1426.0,1423.0,371.0,753.0,739.0,23.0,60.0,71.0,2.0,7.0,9.0,2.0,6.0,3.0,-85.75975397392,1074,-42.242025142100005,-43.51772883182001,367.0,707.0,-0.07985079513400373,-0.11510088594577658,-0.06155265747074966
2021,KC,10,4783,2258,7044,,75.79295837023915,76.87181998864281,200,22,32,146,43,0.04181476061049551,0.004599623667154506,,76.25333333333333,,92.20666666666665,74.10485436893204,69.18535754824065,956.0,1950.0,1877.0,450.0,927.0,881.0,12.0,74.0,114.0,3.0,6.0,13.0,2.0,3.0,5.0,208.00357993142,1385,-11.523828133080002,219.52740806449998,432.0,953.0,0.15018309020319134,-0.026675528085833337,0.23035404833630638
2021,LA,9,4217,2687,6904,71.83417121176191,72.34715295868999,75.25382387022016,173,32,33,108,26,0.04102442494664454,0.00758833293810766,61.508187134502926,66.9,81.9755634638197,75.86347197106691,66.79189704480457,75.92589861751152,855.0,1676.0,1686.0,553.0,1049.0,1085.0,30.0,82.0,61.0,5.0,10.0,17.0,2.0,2.0,5.0,89.8822600777,1349,-84.41918525506001,174.30144533276,508.0,841.0,0.06662880658094884,-0.16617949853358271,0.2072549885050654
2021,LAC,11,3992,2046,6042,,74.35581622678397,72.94991724594504,160,21,30,109,34,0.04008016032064128,0.005260521042084168,82.73874213836478,,63.30651629072681,82.3111111111111,68.94342105263158,76.0443488943489,795.0,1601.0,1596.0,396.0,836.0,814.0,11.0,60.0,89.0,0.0,8.0,13.0,2.0,5.0,4.0,105.95212198930001,1180,-29.629694441499996,135.58181643080002,386.0,794.0,0.0897899338892373,-0.07676086642875647,0.1707579552025189
2021,LV,11,3963,2129,6092,61.34171082513247,60.73691874119305,60.99822718319107,222,28,43,151,52,0.056018168054504165,0.0070653545293969215,68.60126103404791,49.56300512236767,71.91380042462845,61.71906976744185,53.8337982832618,68.57444589308997,793.0,1757.0,1413.0,430.0,932.0,767.0,18.0,115.0,89.0,3.0,12.0,13.0,2.0,6.0,3.0,-0.35248896184000067,1204,-66.87279425439999,66.52030529256,419.0,785.0,-0.00029276491847176137,-0.15960094094128877,0.08473924241090446
2021,MIA,11,3704,2073,5777,,,55.57467543707807,235,24,30,181,39,0.06344492440604751,0.0064794816414686825,56.32000000000001,57.750977835723596,,,60.62359952324195,55.31388550548112,740.0,1534.0,1430.0,413.0,839.0,821.0,27.0,86.0,122.0,2.0,4.0,18.0,4.0,3.0,4.0,-51.30797386525,1140,-73.01695336705001,21.708979501800012,405.0,735.0,-0.04500699461864035,-0.1802887737458025,0.02953602653306124
2021,MIN,8,3487,2278,5768,53.92053340980787,67.478007023705,64.37101248266296,189,15,36,138,39,0.05420131918554631,0.004301691998852882,43.83037037037037,47.45062638172439,66.76348484848485,70.11086556169428,67.27902097902098,66.04253135689851,810.0,1357.0,1320.0,543.0,858.0,877.0,46.0,79.0,64.0,4.0,2.0,9.0,2.0,2.0,4.0,15.8462330266,1127,-50.683934853400004,66.53016788,444.0,683.0,0.014060543945519078,-0.11415300642657658,0.09740873774524157
2021,NE,10,3305,2639,5945,70.27978819969742,75.94691170898068,76.55722455845249,124,20,25,79,25,0.03751891074130106,0.006051437216338881,73.2,71.84565960355434,66.74385521885523,80.1,78.95101214574898,69.6038503850385,654.0,1463.0,1188.0,495.0,1235.0,909.0,18.0,43.0,63.0,1.0,7.0,12.0,1.0,4.0,5.0,84.5600122888,1145,-6.227254131200002,90.78726642000001,491.0,654.0,0.0738515391168559,-0.012682798637881878,0.13881845018348626
2021,NO,13,3104,2543,5648,62.862242268041236,,61.547839943342765,162,17,26,119,26,0.05219072164948454,0.00547680412371134,65.25517928286853,50.65405192761605,73.61758076634109,65.63607427055703,50.80812785388128,,502.0,1271.0,1331.0,377.0,1095.0,1071.0,14.0,78.0,70.0,1.0,9.0,7.0,2.0,4.0,7.0,-71.90534125880001,1075,-69.61856788810002,-2.286773370699997,469.0,606.0,-0.06688868954306977,-0.148440443258209,-0.003773553416996695
2021,NYG,12,3571,2023,5597,,64.63059812160158,60.57591566910845,190,28,35,127,34,0.05320638476617194,0.00784094091290955,52.34900284900285,,65.14993036211699,68.03529411764706,61.19454976303318,66.67992700729927,702.0,1433.0,1436.0,357.0,844.0,822.0,25.0,89.0,76.0,2.0,12.0,14.0,2.0,6.0,4.0,-149.82236604307,1089,-47.32616015397,-102.4962058891,384.0,705.0,-0.137577930250753,-0.12324520873429688,-0.14538468920439715
2021,NYJ,11,3616,1855,5476,63.14762168141593,70.93708894878705,69.2403761869978,201,20,30,151,25,0.05558628318584071,0.0055309734513274336,66.26742021276596,55.100352609308885,69.41659751037344,78.98197530864199,69.76883852691219,67.66639784946237,752.0,1418.0,1446.0,405.0,706.0,744.0,23.0,99.0,79.0,4.0,6.0,10.0,2.0,4.0,5.0,-77.51515177424,1078,-30.18902056774,-47.326131206499994,365.0,713.0,-0.07190644877016697,-0.0827096453910685,-0.0663760605981767
2021,PHI,15,3341,2598,5940,71.56710565698893,77.07101616628175,77.2334175084175,166,12,22,132,41,0.04968572283747381,0.0035917390002993114,69.14160475482913,65.54120603015075,79.43098039215685,86.31153846153846,69.0670122525919,80.69655850540808,673.0,1393.0,1275.0,520.0,1061.0,1017.0,18.0,85.0,63.0,1.0,7.0,4.0,3.0,7.0,5.0,64.20766132680001,1172,13.890282722000002,50.317378604800005,509.0,663.0,0.05478469396484642,0.02728935701768173,0.07589348205852188
2021,PIT,11,4029,2173,6203,64.7957061305535,,61.22124778333064,147,26,28,93,43,0.03648548026805659,0.006453214197071234,55.65157894736842,73.17501688048615,62.08363851151802,57.718494623655914,,58.175521405049395,855.0,1481.0,1693.0,465.0,797.0,911.0,24.0,45.0,78.0,3.0,11.0,12.0,2.0,5.0,4.0,-66.25000564113,1222,-30.301145693100008,-35.948859948029984,419.0,803.0,-0.05421440723496727,-0.07231777015059668,-0.04476819420676212
2021,SEA,10,2993,1909,4902,53.07584363514868,65.59465688842326,62.6827213382293,174,23,31,120,19,0.05813564984964918,0.007684597393919144,38.37947530864198,53.59931623931624,60.659489361702136,66.68070175438596,62.71472556894243,67.84626474442987,648.0,1170.0,1175.0,399.0,747.0,763.0,35.0,65.0,74.0,4.0,4.0,15.0,2.0,4.0,4.0,41.6172378825,982,9.919056273999994,31.69818160850001,383.0,599.0,0.04238007931008147,0.02589831925326369,0.052918500181135246
2021,SF,10,3405,2919,6325,,74.85481329222337,73.62683003952569,161,22,30,109,32,0.04728340675477239,0.0064610866372980915,74.79148311306902,,72.93737151248165,67.32881646655233,67.4392795883362,85.99512820512821,681.0,1362.0,1362.0,583.0,1166.0,1170.0,15.0,74.0,72.0,2.0,8.0,12.0,2.0,3.0,5.0,74.95210800619999,1244,-28.200518322700002,103.1526263289,568.0,676.0,0.06025089068022507,-0.04964879986390845,0.1525926424983728
2021,TB,9,4505,2228,6740,71.71480577136515,73.76508078994613,75.99154302670624,161,22,21,118,26,0.035738068812430634,0.0048834628190899,57.33549107142857,70.22029950083194,80.34075304540423,76.4276102088167,74.83375286041189,71.50985915492959,896.0,1803.0,1806.0,431.0,874.0,923.0,27.0,67.0,67.0,4.0,10.0,8.0,2.0,4.0,3.0,160.2213314368,1305,8.072066295199996,152.14926514159998,411.0,894.0,0.12277496661823754,0.019640063978588796,0.17018933461029082
2021,TEN,10,3271,2872,6150,57.74179150107002,73.78986768802228,70.61117073170732,187,33,43,111,29,0.057169061449098134,0.010088657902782024,66.3,47.85331278890602,63.22007604562738,79.9,70.4495704467354,74.22090199479617,658.0,1298.0,1315.0,555.0,1164.0,1153.0,26.0,77.0,84.0,1.0,13.0,19.0,1.0,4.0,5.0,22.724819773900006,1222,-30.625717319900005,53.35053709379999,561.0,661.0,0.018596415526923083,-0.05459129647040999,0.0807118564202723
2021,WAS,13,3416,2245,5661,72.82991803278688,,75.17087087087087,175,28,25,122,25,0.05122950819672131,0.00819672131147541,62.47055214723927,72.40020703933747,78.43977186311787,75.65802469135802,71.99413580246915,,652.0,1449.0,1315.0,405.0,972.0,868.0,26.0,72.0,77.0,4.0,11.0,13.0,3.0,6.0,4.0,-42.94562520977,1115,-26.936609422269996,-16.0090157875,440.0,675.0,-0.0385162557935157,-0.06121956686879544,-0.023717060425925928
2022,ARI,12,4012,2008,6021,66.90456131605185,57.33605577689244,61.411675801361895,197,25,24,148,49,0.04910269192422732,0.006231306081754736,59.74588235294117,60.36869455006337,77.25713383838385,53.62817551963048,53.85872611464969,62.823670886075945,850.0,1578.0,1584.0,433.0,785.0,790.0,32.0,77.0,88.0,7.0,9.0,9.0,3.0,6.0,3.0,-94.280889118,1193,-31.2329761,-63.047913017999996,400.0,793.0,-0.07902840663704946,-0.07808244025,-0.07950556496595207
2022,ATL,10,2586,2675,5262,,78.03128971962617,77.73787533257317,97,16,16,65,34,0.03750966744006187,0.006187161639597835,,72.43342995169083,,69.48884758364312,80.03014084507043,80.33264925373133,517.0,1035.0,1034.0,538.0,1065.0,1072.0,27.0,34.0,36.0,0.0,6.0,10.0,2.0,5.0,3.0,4.769375677299998,1037,3.2413676249999996,1.5280080523000024,524.0,513.0,0.004599205089006748,0.006185816078244274,0.002978573201364527
2022,BAL,10,3166,2661,5827,74.92245735944411,67.38282600526118,71.32174360734513,123,19,10,94,25,0.03885028427037271,0.006001263423878711,53.5,83.68752959747435,76.84325177584847,84.2,58.831573986804905,67.54771241830066,632.0,1267.0,1267.0,529.0,1061.0,1071.0,29.0,33.0,61.0,3.0,4.0,12.0,1.0,4.0,5.0,1.4166429454400062,1139,7.8611436806400015,-6.444500735199995,512.0,627.0,0.0012437602681650626,0.015353796251250003,-0.010278310582456133
2022,BUF,11,4010,2156,6172,,54.78589981447126,58.27626377187298,210,20,28,162,43,0.05236907730673317,0.004987531172069825,70.1,56.70550305725404,,56.0,51.85717151454364,57.78396226415094,591.0,1799.0,1620.0,311.0,997.0,848.0,20.0,85.0,105.0,4.0,4.0,12.0,1.0,6.0,4.0,107.6450662922,1195,-20.1663555943,127.8114218865,403.0,792.0,0.09007955338259414,-0.050040584601240695,0.1613780579375
2022,CAR,10,2771,2406,5186,70.15470949115843,,64.20690320092555,104,19,9,76,38,0.03753157704799711,0.006856730422230242,57.703804347826086,71.50942028985507,74.97739910313902,64.74635193133047,57.50951374207188,,552.0,1104.0,1115.0,466.0,946.0,994.0,19.0,37.0,48.0,3.0,7.0,9.0,2.0,4.0,4.0,-37.675213514300005,1010,-3.269724402300004,-34.405489112000005,470.0,540.0,-0.03730219159831684,-0.00695686043042554,-0.06371386872592594
2022,CHI,11,2711,2460,5172,63.57709332349687,68.12378048780486,67.92296983758702,152,27,16,109,29,0.05606787163408337,0.009959424566580598,55.1,62.140435606060606,68.99338695263629,65.5,67.69771071800209,69.77832512315271,536.0,1056.0,1119.0,484.0,961.0,1015.0,20.0,55.0,77.0,2.0,9.0,16.0,1.0,6.0,4.0,-41.863151636299996,1020,-2.118415664299999,-39.744735972,485.0,535.0,-0.04104230552578431,-0.004367867349072164,-0.07428922611588785
2022,CIN,10,4336,2275,6611,59.918842250922516,58.81731868131867,59.44559068219634,210,36,39,135,33,0.04843173431734318,0.008302583025830259,76.09086705202311,59.266262276140964,52.52850574712644,58.62227272727274,57.34639639639639,60.28722280887012,865.0,1731.0,1740.0,440.0,888.0,947.0,24.0,77.0,109.0,2.0,11.0,23.0,2.0,3.0,5.0,108.5256570992,1275,-20.563679464499998,129.0893365637,414.0,861.0,0.0851181624307451,-0.049670723344202895,0.1499295430472706
2022,CLE,11,3364,2644,6011,69.52565398335315,,71.02903011146232,146,24,28,94,40,0.043400713436385255,0.007134363852556481,61.91718555417186,74.79149291075896,69.37577092511013,74.23465346534653,77.95745375408053,,803.0,1199.0,1362.0,606.0,919.0,1119.0,28.0,47.0,71.0,9.0,5.0,10.0,2.0,3.0,6.0,14.299243008099994,1153,2.1482725391000024,12.150970468999986,493.0,660.0,0.012401771906418035,0.004357550789249497,0.018410561316666647
2022,DAL,12,3573,2921,6497,,63.3608353303663,65.88771740803448,167,13,39,115,29,0.046739434648754546,0.003638399104394067,63.90394537177542,75.78828696925329,,58.37672727272727,53.564556962025314,74.09280632411068,659.0,1366.0,1548.0,550.0,1106.0,1265.0,24.0,53.0,90.0,1.0,2.0,10.0,2.0,3.0,7.0,52.375748173095,1276,-19.623549075204995,71.9992972483,566.0,710.0,0.041046824587065045,-0.03467058140495582,0.10140746091309859
2022,DEN,11,3538,2117,5655,66.92108535895986,62.33897024090693,64.48201591511936,167,31,28,108,35,0.047201808931599774,0.008762012436404749,64.85374301675978,67.05191387559807,68.1350611951044,58.511567164179105,61.99852744310575,65.1037170263789,895.0,1254.0,1389.0,536.0,747.0,834.0,28.0,60.0,79.0,6.0,13.0,12.0,2.0,5.0,4.0,-86.86046573774,1126,-50.75897655359999,-36.10148918414,418.0,708.0,-0.07714073333724689,-0.12143295826220094,-0.05099080393240113
2022,DET,9,3353,2463,5824,59.99498956158665,71.1663012586277,69.39517513736264,160,16,34,110,36,0.04771846107963018,0.0047718461079630185,68.9,41.226453488372094,74.98911111111111,78.9,64.9189773844641,74.06576576576576,627.0,1376.0,1350.0,447.0,1017.0,999.0,13.0,85.0,62.0,1.0,9.0,6.0,1.0,5.0,3.0,85.74930774267,1129,-30.247760740830003,115.9970684835,465.0,664.0,0.07595155690227635,-0.06504894782974194,0.17469438024623493
2022,GB,9,3225,2245,5471,72.99910077519381,59.17897550111359,65.71579235971487,119,20,15,84,26,0.03689922480620155,0.006201550387596899,74.3,67.65541443850267,79.58996316758747,53.5,61.430144927536226,59.46010498687664,643.0,1496.0,1086.0,448.0,1035.0,762.0,13.0,56.0,50.0,3.0,11.0,6.0,1.0,4.0,4.0,19.656917282599995,1077,-4.121694049799998,23.7786113324,436.0,641.0,0.018251548080408537,-0.009453426719724765,0.03709611752324493
2022,HOU,10,3390,1941,5333,56.83970501474926,56.81133436373004,57.85584099006188,193,21,37,135,41,0.05693215339233038,0.006194690265486726,28.687869822485208,45.79300380228137,80.82616154395998,44.0375,56.33428184281843,63.23040293040294,676.0,1315.0,1399.0,384.0,738.0,819.0,36.0,97.0,60.0,7.0,10.0,4.0,2.0,5.0,3.0,-178.0705686755,1053,-77.9073493354,-100.1632193401,379.0,674.0,-0.16910785249335233,-0.205560288483905,-0.1486101177152819
2022,IND,8,3605,2160,5765,62.79173370319002,65.85675925925925,64.48137033824804,187,34,35,118,40,0.05187239944521498,0.00943134535367545,64.8,59.88551401869159,64.2338611449452,64.3,62.719298245614034,69.17249736564804,679.0,1284.0,1642.0,413.0,798.0,949.0,25.0,60.0,102.0,5.0,9.0,20.0,1.0,3.0,4.0,-178.043101519,1140,-75.15644613,-102.88665538900001,421.0,719.0,-0.156178159227193,-0.17851887441805228,-0.14309687814881783
2022,JAX,10,3933,2364,6299,,51.55372250423011,59.5237815526274,167,23,26,118,28,0.04246122552758708,0.005847953216374269,59.9,65.58886075949367,,48.0,55.63640211640211,49.24957805907172,785.0,1580.0,1568.0,471.0,945.0,948.0,35.0,67.0,65.0,2.0,10.0,11.0,1.0,5.0,4.0,54.15868413500001,1242,-31.790661002200004,85.9493451372,465.0,777.0,0.04360602587359099,-0.06836701290795699,0.11061691780849421
2022,KC,8,4475,2236,6714,73.77865921787709,71.08184257602862,74.50664283586535,205,16,29,160,31,0.04581005586592179,0.003575418994413408,81.3,74.38979364194088,69.41179429849076,91.0,68.21228070175438,64.24932432432433,893.0,1793.0,1789.0,436.0,912.0,888.0,19.0,71.0,115.0,0.0,3.0,13.0,1.0,3.0,4.0,239.90472871488998,1323,-9.501116833839996,249.40584554872999,433.0,890.0,0.18133388413823884,-0.021942533103556573,0.2802312871334045
2022,LA,15,3160,1960,5121,,60.69948979591837,60.39976567076743,183,39,38,106,36,0.057911392405063294,0.012341772151898734,59.315652173913044,,68.38452066842568,57.239705882352936,54.641071428571436,69.83757142857144,805.0,1218.0,1137.0,476.0,784.0,700.0,33.0,72.0,78.0,8.0,17.0,14.0,3.0,8.0,4.0,-83.8352276469,1012,-24.802090178900002,-59.03313746800001,382.0,630.0,-0.08284113403843874,-0.06492693764109948,-0.09370339280634922
2022,LAC,10,4285,2044,6329,67.23591598599766,56.646037181996086,62.208863959551266,215,22,48,145,36,0.050175029171528586,0.005134189031505251,85.23681125439624,57.888067520372516,67.64714119019835,60.413235294117655,58.60172201722017,52.84653705953828,853.0,1718.0,1714.0,408.0,813.0,823.0,15.0,87.0,113.0,0.0,11.0,11.0,2.0,3.0,5.0,14.8675177293,1242,-26.0757917961,40.9433095254,395.0,847.0,0.0119706261910628,-0.0660146627749367,0.04833920841251475
2022,LV,12,3410,2122,5532,66.21733137829912,,65.88882863340564,198,23,38,137,36,0.05806451612903226,0.006744868035190616,64.5,53.27998544395924,79.19088397790055,59.3,55.22451923076923,,588.0,1374.0,1448.0,376.0,832.0,914.0,24.0,104.0,70.0,2.0,13.0,8.0,1.0,6.0,5.0,5.849572617700004,1097,-30.272901777399994,36.1224743951,414.0,683.0,0.005332336023427533,-0.07312295115314009,0.052887956654612
2022,MIA,11,3710,2026,5736,62.28307277628032,67.23845014807502,64.28624476987447,183,19,35,129,41,0.049326145552560645,0.005121293800539084,68.8,63.87320302648171,57.06960573476704,85.5,61.33290094339623,64.34076923076924,729.0,1586.0,1395.0,398.0,848.0,780.0,16.0,70.0,97.0,3.0,9.0,7.0,1.0,4.0,6.0,40.45885429999,1112,-22.693100878910002,63.1519551789,387.0,725.0,0.036383861780566545,-0.05863850356307494,0.08710614507434483
2022,MIN,12,4100,2057,6157,62.33814634146342,74.31648031113272,71.01996101997727,229,37,66,126,32,0.05585365853658537,0.009024390243902438,60.42131736526946,48.600306560392404,77.03029375764994,66.36053268765133,71.63003663003663,80.96618181818182,835.0,1631.0,1634.0,413.0,819.0,825.0,47.0,118.0,64.0,3.0,16.0,18.0,4.0,3.0,5.0,16.98622428988,1214,-50.0913629461,67.07758723597999,400.0,814.0,0.013991947520494234,-0.12522840736524998,0.08240489832429974
2022,NE,9,3255,2131,5387,69.01339477726573,64.41731581417176,66.39025431594581,151,27,19,105,42,0.04639016897081413,0.008294930875576038,67.41153846153846,75.67353896103896,63.79555717407138,68.7242206235012,61.10604534005037,65.3229347826087,650.0,1232.0,1373.0,417.0,794.0,920.0,17.0,37.0,97.0,4.0,6.0,17.0,2.0,2.0,5.0,-50.265141461199995,1026,-31.872805449999998,-18.39233601120001,389.0,637.0,-0.04899136594658869,-0.0819352325192802,-0.028873368934379917
2022,NO,11,2965,2383,5349,,56.435585396558956,59.07238736212376,127,25,22,80,28,0.04283305227655986,0.008431703204047217,61.94183333333333,50.82375979112272,,58.22386363636363,50.15922798552473,60.58654970760234,600.0,1149.0,1216.0,528.0,829.0,1026.0,19.0,50.0,58.0,3.0,10.0,12.0,2.0,4.0,5.0,-35.99175052361,1036,-48.6684396629,12.676689139290009,448.0,588.0,-0.03474107193398649,-0.10863490996183035,0.021558995134846954
2022,NYG,14,3790,2577,6368,61.60287598944592,61.79441210710129,61.513536432160805,212,31,35,146,38,0.05593667546174143,0.008179419525065963,66.5,55.52466091245376,66.00092165898619,55.3,61.777532228360954,64.58373205741627,649.0,1622.0,1519.0,446.0,1086.0,1045.0,25.0,89.0,98.0,4.0,11.0,16.0,1.0,7.0,6.0,47.8807668029,1239,2.0931902636999986,45.78757653919999,490.0,749.0,0.03864468668514931,0.004271816864693875,0.06113161086675566
2022,NYJ,11,3512,1974,5487,63.11830865603645,55.729888551165146,59.16524512484053,185,21,34,130,32,0.052676537585421415,0.005979498861047836,69.5,63.638406270411494,58.91024428684003,69.7,55.34147157190636,48.02241887905605,712.0,1531.0,1269.0,399.0,897.0,678.0,24.0,78.0,83.0,5.0,5.0,11.0,1.0,5.0,5.0,-94.49855066290199,1103,-36.54664590930001,-57.95190475360202,391.0,712.0,-0.08567411664814324,-0.09346968263248084,-0.08139312465393543
2022,PHI,9,3801,3180,6982,79.73867403314918,75.0459748427673,78.27353193927242,129,11,9,109,52,0.03393843725335438,0.0028939752696658773,83.24685039370078,77.88520710059171,79.83478260869565,88.90625,67.15380989787903,75.97426992896605,762.0,1521.0,1518.0,640.0,1273.0,1267.0,11.0,49.0,69.0,0.0,2.0,9.0,2.0,4.0,3.0,156.70701910973,1369,57.65774914622999,99.04926996349998,611.0,758.0,0.1144682389406355,0.09436620154865792,0.1306718601101583
2022,PIT,7,3438,2392,5830,68.86669575334496,59.93440635451506,64.60962264150943,138,16,26,96,33,0.04013961605584642,0.004653868528214078,63.43775510204081,75.4,65.07,66.49303797468355,60.550000000000004,56.12783505154639,686.0,1372.0,1380.0,474.0,948.0,970.0,22.0,36.0,80.0,2.0,4.0,10.0,2.0,2.0,3.0,16.87716878782,1150,2.7237005788199977,14.153468208999996,466.0,684.0,0.014675798945930435,0.0058448510275107245,0.020692204983918123
2022,SEA,9,3696,2116,5814,64.53617424242425,59.23865784499055,61.79236326109391,187,32,35,120,35,0.050595238095238096,0.008658008658008658,65.465899864682,63.29533468559837,65.31299052774018,51.361757719714966,60.366469893742625,62.02275943396226,739.0,1479.0,1478.0,421.0,847.0,848.0,25.0,75.0,87.0,3.0,12.0,17.0,2.0,4.0,3.0,17.657208938337,1147,-30.023425333759995,47.680634272096995,409.0,738.0,0.015394253651557978,-0.07340690790650366,0.0646079055177466
2022,SF,9,3396,2969,6365,,65.88939036712696,67.53051060487039,145,16,23,106,42,0.042697290930506476,0.004711425206124852,71.8,,74.73521021021021,61.89999999999999,55.262746710526315,78.76316680779001,680.0,1384.0,1332.0,572.0,1216.0,1181.0,14.0,67.0,64.0,1.0,6.0,9.0,1.0,4.0,4.0,97.0276994363,1258,-24.646148789699993,121.67384822599999,579.0,679.0,0.07712853691279808,-0.042566750932124336,0.17919565276288657
2022,TB,12,4489,2039,6528,70.55415460013366,57.17449730259931,65.42765012254903,145,15,38,92,36,0.03230118066384496,0.003341501447983961,68.19655172413793,65.29902227050516,77.14910011248594,60.574418604651164,57.08315665488811,55.63250311332502,870.0,1841.0,1778.0,387.0,849.0,803.0,26.0,63.0,56.0,1.0,3.0,11.0,2.0,4.0,6.0,-42.3200970217,1280,-79.7489055471,37.428808525399994,389.0,891.0,-0.033062575798203125,-0.20501003996683803,0.0420076414426487
2022,TEN,12,2818,2375,5193,,59.661010526315785,58.10858848449837,172,27,30,115,39,0.06103619588360539,0.00958126330731015,71.80560000000001,,,71.13602771362586,61.865430861723446,52.06705508474577,500.0,1201.0,1117.0,433.0,998.0,944.0,14.0,65.0,93.0,2.0,7.0,18.0,2.0,5.0,5.0,-65.9923516643,1020,-47.95886645230001,-18.033485212000002,462.0,558.0,-0.06469838398460785,-0.1038070702430736,-0.03231807385663083
2022,WAS,12,3345,2602,5947,59.697279521674155,,61.780527997309555,202,30,39,133,28,0.06038863976083707,0.008968609865470852,41.11320224719101,56.019021310181536,72.79553440702783,62.42870201096892,,63.54402224281743,712.0,1267.0,1366.0,547.0,976.0,1079.0,42.0,68.0,92.0,6.0,7.0,17.0,4.0,5.0,3.0,-79.4418685277,1177,-47.110666047100004,-32.3312024806,511.0,666.0,-0.06749521540161427,-0.0921930842409002,-0.04854534906996997
2023,ARI,9,3427,2229,5656,62.66154070615699,58.5440556303275,60.44059405940594,182,28,31,123,41,0.053107674350744094,0.008170411438576015,61.1,60.1593023255814,65.9438775510204,67.4,57.380179171332585,55.30112107623318,679.0,1376.0,1372.0,444.0,893.0,892.0,23.0,79.0,80.0,3.0,11.0,14.0,1.0,5.0,3.0,-65.2150533932,1124,-5.818495683599991,-59.3965577096,447.0,677.0,-0.05802051013629893,-0.013016768867114075,-0.0877349449181684
2023,ATL,10,3165,2480,5647,,72.64689516129032,73.46939968124668,130,21,25,84,27,0.04107424960505529,0.006635071090047393,,67.88025276461296,74.53536392405063,83.76417322834646,72.38333333333334,67.16150712830958,635.0,1266.0,1264.0,508.0,990.0,982.0,32.0,48.0,50.0,2.0,9.0,10.0,3.0,3.0,4.0,-99.1209356345,1115,-84.15216890090001,-14.968766733599988,487.0,628.0,-0.08889770012062781,-0.17279706139815196,-0.023835615817834378
2023,BAL,9,3616,2662,6278,71.87370022123895,67.36435011269722,69.45810767760432,173,23,21,129,42,0.0478429203539823,0.006360619469026549,75.65694444444445,70.71383125864453,71.15179310344828,76.58476190476189,59.82284644194757,70.37053320860618,720.0,1446.0,1450.0,525.0,1068.0,1069.0,20.0,55.0,98.0,0.0,4.0,19.0,2.0,3.0,4.0,81.08966717034001,1236,10.012462449040001,71.0772047213,511.0,725.0,0.06560652683684466,0.01959385997855186,0.09803752375351725
2023,BUF,8,3909,2788,6700,67.59332310053723,62.57166427546628,64.61832835820896,185,13,23,149,34,0.047326682015860835,0.00332565873624968,72.4956129032258,61.14659090909091,71.73032258064516,62.473872180451124,55.98791946308725,69.99633458646618,775.0,1584.0,1550.0,532.0,1192.0,1064.0,30.0,75.0,80.0,1.0,5.0,7.0,2.0,3.0,3.0,135.73001462326,1283,9.51360227516,126.2164123481,511.0,772.0,0.10579112597292283,0.018617616976829746,0.16349276210893782
2023,CAR,13,3296,1944,5240,53.36568567961166,,60.058625954198476,224,37,26,161,34,0.06796116504854369,0.011225728155339806,48.9,34.05954751131221,70.19883641341546,67.5,53.444347826086954,,730.0,1105.0,1461.0,418.0,690.0,836.0,32.0,107.0,85.0,8.0,17.0,12.0,1.0,9.0,3.0,-179.4543816226,1145,-62.7218550396,-116.73252658300001,420.0,725.0,-0.15672871757432316,-0.1493377500942857,-0.16101038149379313
2023,CHI,10,3230,2433,5663,,59.625852856555696,57.262193183824834,212,21,28,163,50,0.06563467492260062,0.006501547987616099,,57.91595505617977,61.641795665634675,59.794117647058826,55.686287952987264,63.695876288659804,603.0,1335.0,1292.0,442.0,1021.0,970.0,31.0,73.0,108.0,1.0,8.0,12.0,3.0,4.0,3.0,-59.6801545174,1121,-20.26696060029999,-39.413193917099996,476.0,645.0,-0.05323831803514719,-0.04257764831995796,-0.061105727003255804
2023,CIN,8,3656,1818,5476,59.69543216630196,61.29669966996699,62.898557341124906,197,30,33,134,16,0.05388402625820569,0.008205689277899343,69.65684931506848,52.35958023019635,62.15452035886818,64.51284916201116,65.18284574468085,55.542796610169496,730.0,1477.0,1449.0,358.0,752.0,708.0,21.0,75.0,101.0,6.0,9.0,15.0,2.0,3.0,3.0,2.367953288449997,1070,-35.096460764549995,37.464414053,341.0,729.0,0.0022130404564953245,-0.10292217233005864,0.051391514475994514
2023,CLE,13,4016,2738,6761,,59.823739956172396,62.46155894098506,220,28,34,158,42,0.054780876494023904,0.0069721115537848604,71.51268656716418,67.51589775561098,,65.76020942408377,67.23287037037036,49.313640552995395,804.0,1604.0,1608.0,573.0,1080.0,1085.0,22.0,73.0,125.0,1.0,11.0,16.0,2.0,4.0,7.0,-173.294580568296,1296,-59.802971036100004,-113.49160953219601,510.0,786.0,-0.1337149541422037,-0.11726072752176471,-0.14439136072798475
2023,DAL,10,4069,2342,6411,67.02946669943475,64.55584970111016,66.7265013258462,173,23,35,115,37,0.04251658884246744,0.005652494470385844,63.493896713615015,70.39810085134249,65.76816568047337,65.51703853955375,68.4663943990665,60.69979838709677,852.0,1527.0,1690.0,493.0,857.0,992.0,32.0,47.0,94.0,3.0,6.0,14.0,2.0,3.0,5.0,151.0321730303,1257,-21.912099696300004,172.9442727266,452.0,805.0,0.12015288228345265,-0.048478096673230095,0.2148376058715528
2023,DEN,8,3258,2178,5438,70.75890116635973,70.27782369146006,71.57526664214785,154,16,22,116,31,0.047268262737875995,0.004910988336402701,76.4,64.64584920030464,74.13073959938366,72.4,71.49007717750828,67.92264150943396,647.0,1313.0,1298.0,423.0,907.0,848.0,14.0,56.0,84.0,1.0,6.0,9.0,1.0,4.0,3.0,-46.298248238199996,1052,-44.5014039608,-1.7968442774000088,410.0,642.0,-0.04400974167129277,-0.1085400096604878,-0.002798822861993783
2023,DET,10,3998,2955,6967,66.97356178089046,78.27275803722503,77.2804219893785,214,19,48,147,35,0.053526763381690844,0.004752376188094047,70.3,54.789764232317424,79.05364916773368,91.3,68.3725,84.0922942206655,697.0,1739.0,1562.0,493.0,1320.0,1142.0,23.0,120.0,71.0,1.0,9.0,9.0,1.0,6.0,3.0,97.5861774315,1350,-0.9965367021999971,98.5827141337,558.0,792.0,0.07228605735666667,-0.0017859080684587763,0.12447312390618687
2023,GB,9,3646,2459,6105,66.61363137685134,59.47885319235461,62.83226863226863,182,18,24,140,35,0.049917718047174986,0.004936917169500823,55.7,66.41117969821674,72.21243169398907,53.2,53.63553299492386,68.42383367139959,724.0,1458.0,1464.0,488.0,985.0,986.0,28.0,68.0,86.0,5.0,3.0,10.0,1.0,4.0,4.0,109.50758914894,1201,-25.791235804359996,135.2988249533,475.0,726.0,0.09118034067355538,-0.054297338535494725,0.186362017842011
2023,HOU,13,3805,2281,6087,,58.49158263919333,60.55094463610974,190,21,21,148,42,0.04993429697766097,0.005519053876478318,57.41847133757962,,70.87422279792746,58.91893617021276,58.70244173140954,58.06208791208791,785.0,1476.0,1544.0,470.0,901.0,910.0,33.0,72.0,85.0,3.0,8.0,10.0,3.0,6.0,4.0,-26.238251809100003,1217,-77.71789810409999,51.479646294999995,457.0,760.0,-0.02155977962949877,-0.17006104617964987,0.06773637670394736
2023,IND,9,3438,2310,5748,,66.49333333333334,68.87294711203897,160,15,18,127,40,0.04653868528214078,0.004363001745200698,73.48951965065501,,66.84552727272728,68.23032258064516,61.56083690987125,70.64381161007667,687.0,1376.0,1375.0,465.0,932.0,913.0,15.0,52.0,93.0,2.0,5.0,8.0,2.0,4.0,3.0,-26.91249053016,1136,-48.489643203300005,21.577152673140006,450.0,686.0,-0.023690572649788733,-0.10775476267400001,0.031453575325276976
2023,JAX,9,3886,2132,6020,62.130519814719506,50.20506566604127,55.31290697674419,163,20,25,118,31,0.041945445187853835,0.0051466803911477095,54.9,66.03511053315995,61.76178861788618,40.0,56.49591584158416,49.262087912087914,749.0,1538.0,1599.0,414.0,808.0,910.0,28.0,52.0,83.0,4.0,6.0,10.0,1.0,3.0,5.0,-36.6967179566,1148,-74.1474911739,37.45077321730001,400.0,748.0,-0.03196578219216028,-0.18536872793474998,0.050067878632754026
2023,KC,10,4716,2382,7099,70.07209499575912,62.932031905961395,67.00676151570644,254,21,47,186,57,0.05385920271416455,0.004452926208651399,74.3,74.7615866388309,63.206126798082046,84.1,69.65785207700101,45.54168443496802,923.0,1916.0,1877.0,457.0,987.0,938.0,18.0,94.0,142.0,4.0,7.0,10.0,1.0,4.0,5.0,42.342933539300006,1387,-64.11023395819998,106.45316749750002,450.0,937.0,0.03052843081420332,-0.14246718657377774,0.11361063767075776
2023,LA,10,3630,2395,6025,61.08187327823692,68.91665970772443,68.08044813278008,198,19,42,137,20,0.05454545454545454,0.005234159779614325,49.7900826446281,65.25055762081783,62.74381013470173,74.2617954070981,69.14480446927375,66.20901077375122,726.0,1345.0,1559.0,479.0,895.0,1021.0,36.0,60.0,102.0,2.0,7.0,10.0,2.0,3.0,5.0,65.535251662,1196,-11.717891700900001,77.2531433629,476.0,720.0,0.054795360921404676,-0.024617419539705886,0.10729603244847223
2023,LAC,10,3812,1984,5798,65.68266002098636,53.95700604838709,61.21969644705071,204,27,39,138,26,0.053515215110178385,0.00708289611752361,58.19934469200524,59.66640316205534,75.37726975832788,54.766497461928935,52.79659949622166,54.71381909547738,763.0,1518.0,1531.0,394.0,794.0,796.0,34.0,79.0,91.0,2.0,13.0,12.0,3.0,3.0,4.0,-78.9207637248,1143,-93.6524200259,14.73165630110001,387.0,756.0,-0.06904703737952755,-0.24199591737958656,0.019486317858597897
2023,LV,11,3200,2101,5301,,69.60371251784863,71.22467458970004,142,24,26,92,15,0.044375,0.0075,71.06949152542373,,68.24247104247105,74.39587628865979,62.85295508274231,74.04636678200693,590.0,1315.0,1295.0,388.0,846.0,867.0,20.0,49.0,73.0,4.0,6.0,14.0,2.0,4.0,5.0,-88.0799625232,1029,-59.8075225572,-28.272439966000007,399.0,630.0,-0.08559763121788143,-0.14989354024360904,-0.04487688883492064
2023,MIA,11,3455,2340,5795,62.59073806078148,62.30405982905983,62.93936151855047,126,22,14,90,41,0.036468885672937774,0.006367583212735167,53.10074441687345,62.23772691397001,68.44905933429811,64.94444444444444,56.71553166069295,65.70202991452992,806.0,1267.0,1382.0,567.0,837.0,936.0,30.0,43.0,53.0,6.0,6.0,10.0,2.0,5.0,4.0,86.50806678789999,1140,-5.408377957999999,91.91644474590001,457.0,683.0,0.07588426911219298,-0.011834525072210063,0.13457751792957542
2023,MIN,10,3505,1728,5233,68.42542082738944,,66.50819797439328,192,24,54,114,34,0.054778887303851644,0.0068473609129814554,60.4494708994709,62.65946817082998,77.16903183023874,64.3198910081744,,70.48855585831063,756.0,1241.0,1508.0,367.0,627.0,734.0,29.0,80.0,83.0,4.0,6.0,14.0,2.0,4.0,4.0,-26.735846412399997,1113,-57.2786572797,30.542810867299995,363.0,750.0,-0.02402142534806828,-0.1577924442966942,0.04072374782306666
2023,NE,12,3245,2005,5250,52.616979969183355,67.8662842892768,63.17123809523811,218,35,27,156,24,0.06718027734976888,0.01078582434514638,51.2,44.80416666666667,59.99161891117479,78.0,61.870588235294115,68.11044943820225,649.0,1200.0,1396.0,401.0,714.0,890.0,30.0,87.0,101.0,6.0,14.0,15.0,1.0,6.0,5.0,-198.88721340203,1044,-51.79260750043,-147.0946059016,397.0,647.0,-0.19050499368010537,-0.13045996851493702,-0.2273486953656878
2023,NO,11,3420,2489,5911,,61.66319807151467,62.25900862798172,167,25,22,120,37,0.04883040935672515,0.007309941520467836,59.3,58.39223880597015,,89.4,51.888036809815944,58.11353965183752,675.0,1340.0,1405.0,477.0,978.0,1034.0,26.0,58.0,83.0,4.0,8.0,13.0,1.0,4.0,6.0,-12.420176326100002,1135,-49.468381543499994,37.04820521739999,457.0,678.0,-0.010942886630925111,-0.10824591147374178,0.05464337052713863
2023,NYG,14,3551,2023,5575,44.878569417065606,50.45447355412753,48.37707623318386,244,40,20,184,41,0.0687130385806815,0.011264432554210082,28.106813627254503,39.49613855763771,58.70317583268784,51.376363636363635,50.111977186311776,50.607902298850576,499.0,1761.0,1291.0,275.0,1052.0,696.0,31.0,128.0,85.0,5.0,22.0,13.0,3.0,6.0,5.0,-181.16039896,1092,-78.7591325086,-102.4012664514,391.0,701.0,-0.16589780124542125,-0.2014300064158568,-0.1460788394456491
2023,NYJ,14,3697,1860,5558,52.67733297268055,56.58795698924731,53.88405901403383,263,48,44,171,47,0.07113876115769543,0.012983500135244793,46.18655256723717,56.0210355987055,53.393487522824095,65.81506172839507,50.91679873217116,56.395631067961155,818.0,1236.0,1643.0,405.0,631.0,824.0,38.0,83.0,142.0,4.0,13.0,31.0,2.0,5.0,7.0,-248.66443308579,1094,-66.695624128,-181.96880895778997,363.0,731.0,-0.22729838490474405,-0.18373450173002756,-0.24893133920354305
2023,PHI,9,3611,2421,6036,71.50384934921075,72.61978521272202,72.93893306825711,201,17,16,168,33,0.05566325117695929,0.004707837164220438,68.5,63.76319060773481,80.58587030716724,84.3,62.41745867768596,77.10375253549697,698.0,1448.0,1465.0,467.0,968.0,986.0,15.0,94.0,92.0,1.0,9.0,7.0,1.0,4.0,4.0,59.9122816696,1197,-7.741034130099996,67.65331579970001,474.0,723.0,0.050052031470008355,-0.016331295633122352,0.0935730508986169
2023,PIT,8,3249,2442,5691,,63.71388206388206,60.37901950448076,200,19,31,150,21,0.061557402277623886,0.005847953216374269,32.4,,47.886635944700465,63.3,66.5387461459404,61.12238046795524,649.0,1298.0,1302.0,486.0,973.0,983.0,37.0,62.0,101.0,2.0,2.0,15.0,1.0,4.0,3.0,-74.55920734425,1110,-33.653335178199995,-40.90587216604999,467.0,643.0,-0.06717045706689188,-0.07206281622740898,-0.06361721954284602
2023,SEA,12,3416,1814,5230,55.28299180327869,59.816868798235944,57.401931166347985,229,28,32,169,34,0.06703747072599532,0.00819672131147541,60.74,54.672318079519876,53.10954446854664,56.12480417754569,57.2586800573888,64.17261580381472,700.0,1333.0,1383.0,383.0,697.0,734.0,28.0,69.0,132.0,3.0,9.0,16.0,2.0,4.0,6.0,33.5263462995,1032,-30.800270502300002,64.3266168018,355.0,677.0,0.03248676967005814,-0.08676132535859156,0.09501715923456426
2023,SF,9,3677,2890,6567,54.83655153657874,71.62287197231834,67.29033044007917,224,20,33,171,33,0.0609192276312211,0.005439216752787599,45.3,45.73337523570082,69.9956896551724,72.6,65.60721311475409,77.62845814977973,694.0,1591.0,1392.0,535.0,1220.0,1135.0,33.0,104.0,87.0,2.0,8.0,10.0,1.0,4.0,4.0,210.8484253894,1239,11.239291357399996,199.609134032,547.0,692.0,0.17017629167828896,0.020547150561974398,0.2884525058265896
2023,TB,7,3897,2309,6207,64.93197331280471,57.77197921177999,61.33594328983406,202,27,24,151,38,0.05183474467539133,0.006928406466512702,57.3,54.66970474967907,78.99217948717948,50.3,47.22185792349727,71.71867662753468,779.0,1558.0,1560.0,457.0,915.0,937.0,33.0,101.0,68.0,5.0,11.0,11.0,1.0,3.0,3.0,23.573528590800002,1214,-67.37201929369999,90.9455478845,439.0,775.0,0.019418063089621088,-0.15346701433644644,0.11734909404451613
2023,TEN,12,3477,2335,5818,57.19467932125395,63.14719486081372,60.63741835682366,260,48,58,154,34,0.07477710670117918,0.013805004314063849,52.569230769230764,63.722632639355275,52.18453079178885,78.31013824884792,56.29474835886214,62.825430597771025,624.0,1489.0,1364.0,434.0,914.0,987.0,34.0,81.0,145.0,6.0,8.0,34.0,2.0,4.0,6.0,-22.891199070189995,1033,-32.57523093089,9.684031860700003,417.0,616.0,-0.022159921655556625,-0.07811805978630695,0.01572083094269481
2023,WAS,11,3906,1640,5546,61.63184843830005,65.08481707317074,65.4329967544176,234,33,35,166,30,0.059907834101382486,0.008448540706605223,47.775,58.616399743754,71.54587859424919,66.58807339449542,66.01288343558281,63.42571860816943,780.0,1561.0,1565.0,327.0,652.0,661.0,45.0,95.0,94.0,8.0,10.0,15.0,2.0,5.0,4.0,-89.9854218525,1104,-36.735835010500004,-53.24958684200001,328.0,776.0,-0.08150853428668478,-0.11199949698323172,-0.06862060160051547
2024,ARI,12,3361,2238,5601,68.82826539720323,65.68127792672028,69.25702553115515,142,16,19,107,34,0.04224933055638203,0.0047604879500148765,61.25108695652173,67.1620820668693,74.7637127578304,74.84742268041236,62.711224489795924,63.58484500574054,736.0,1316.0,1309.0,485.0,882.0,871.0,32.0,58.0,52.0,4.0,4.0,8.0,3.0,4.0,5.0,73.8091655082,1087,-8.471783896700003,82.28094940489999,432.0,655.0,0.06790171619889604,-0.019610610871990748,0.12561977008381678
2024,ATL,9,3213,2496,5710,,76.75785256410255,76.65054290718038,153,18,37,98,42,0.047619047619047616,0.0056022408963585435,64.98065522620905,67.10528771384136,,70.68065173116089,83.08103792415169,73.41595214356929,641.0,1286.0,1286.0,491.0,1002.0,1003.0,20.0,68.0,65.0,3.0,4.0,11.0,2.0,3.0,4.0,46.14526135704,1127,-4.970701291160001,51.11596264819999,490.0,637.0,0.040945218595421475,-0.010144288349306125,0.080244839322135
2024,BAL,8,3200,3069,6269,69.612625,64.44956011730204,67.07535492104005,166,8,11,147,55,0.051875,0.0025,64.9,66.71052631578948,75.45577889447237,85.3,58.010204081632665,61.19835782195333,638.0,1368.0,1194.0,589.0,1323.0,1157.0,19.0,71.0,76.0,0.0,2.0,6.0,1.0,4.0,3.0,247.4666538067,1221,45.5178722158,201.9487815909,585.0,636.0,0.20267539214307945,0.0778083285740171,0.31752953080330193
2024,BUF,11,3670,2996,6677,,66.68604806408545,67.1792571514153,160,6,18,136,57,0.043596730245231606,0.0016348773841961854,66.52019826517967,61.61452870304749,,70.19813895781638,58.77937559129611,71.5639011473963,807.0,1411.0,1452.0,806.0,1057.0,1133.0,31.0,77.0,52.0,0.0,1.0,5.0,3.0,3.0,5.0,239.41137375993,1270,25.53396158982,213.87741217010998,548.0,722.0,0.18851289272435434,0.04659482041937956,0.2962291027286842
2024,CAR,10,3327,1905,5234,68.0306883077848,,70.42600305693543,154,22,25,107,36,0.04628794709948903,0.0066125638713555755,66.623473541384,65.35648912228056,71.69164677804295,66.6103139013453,,71.84700729927008,737.0,1333.0,1257.0,446.0,774.0,685.0,27.0,63.0,64.0,1.0,11.0,10.0,3.0,4.0,3.0,-41.937524139,1026,-13.264860676299994,-28.672663462699994,362.0,664.0,-0.040874779862573096,-0.036643261536740315,-0.04318172208237951
2024,CHI,13,3734,1960,5694,70.4221478307445,,68.95275728837373,180,37,15,128,46,0.048205677557579006,0.00990894483128013,68.39435483870967,69.63303283966516,72.32484342379958,,65.76808252427185,72.42374670184697,744.0,1553.0,1437.0,378.0,824.0,758.0,26.0,68.0,86.0,3.0,15.0,19.0,2.0,7.0,4.0,-83.48176297082,1119,-53.7155518135,-29.766211157320004,379.0,740.0,-0.0746038989909026,-0.14172968816226914,-0.04022460967205406
2024,CIN,11,3880,1855,5738,,55.75320754716981,57.00460090623911,220,30,41,149,32,0.05670103092783505,0.007731958762886598,77.95961538461539,43.90995128740431,,55.38250652741513,60.02368421052631,52.226522842639596,780.0,1437.0,1663.0,383.0,684.0,788.0,23.0,94.0,103.0,2.0,14.0,14.0,2.0,3.0,6.0,119.29218060521,1121,-27.20140822789,146.4935888331,351.0,770.0,0.10641586137842106,-0.07749688953814815,0.19025141406896104
2024,CLE,11,4097,1863,5965,61.703368318281676,57.58534621578101,58.63837384744341,219,31,42,146,48,0.05345374664388577,0.007566512082011228,66.03428571428572,62.260238095238094,58.960235732009934,62.40224719101124,59.29948979591837,53.354771784232355,805.0,1680.0,1612.0,356.0,784.0,723.0,30.0,75.0,114.0,3.0,10.0,18.0,2.0,4.0,5.0,-206.3879399408,1176,-50.9344836388,-155.453456302,363.0,813.0,-0.17549994892925172,-0.14031538192506887,-0.1912096633480935
2024,DAL,11,3732,2114,5846,62.05715434083603,67.4414380321665,64.85494355114608,156,30,30,96,48,0.04180064308681672,0.008038585209003215,60.3,65.83831891223734,58.60991561181435,66.1,69.68714902807777,65.50816077953715,692.0,1618.0,1422.0,367.0,926.0,821.0,18.0,58.0,80.0,3.0,9.0,18.0,1.0,6.0,4.0,-103.964275472,1158,-53.46571214000001,-50.498563331999996,419.0,739.0,-0.08977916707426598,-0.12760313159904538,-0.06833364456292286
2024,DEN,10,3608,2188,5799,76.67713414634146,69.2107861060329,73.12778065183653,110,14,16,80,42,0.03048780487804878,0.003880266075388027,76.781589958159,73.9208128941836,79.31263661202185,59.914350797266515,73.55077658303465,69.70263157894738,717.0,1427.0,1464.0,439.0,837.0,912.0,17.0,36.0,57.0,4.0,4.0,6.0,2.0,3.0,5.0,5.239923748219999,1126,-33.789400706500004,39.02932445472,417.0,709.0,0.004653573488650088,-0.08102973790527579,0.055048412489026796
2024,DET,10,3337,2804,6152,67.34375187293976,,77.49032834850455,167,23,37,107,32,0.05004495055439017,0.0068924183398261915,65.75700934579439,60.8879704797048,74.63201492537314,88.7802303262956,72.56194690265487,,642.0,1355.0,1340.0,521.0,1130.0,1153.0,21.0,73.0,73.0,2.0,11.0,10.0,2.0,4.0,4.0,181.16943610635,1191,21.490351991249995,159.67908411509998,535.0,656.0,0.15211539555528966,0.040168882226635505,0.24341323798033535
2024,GB,9,3025,2717,5742,73.53748760330578,62.252337136547666,66.82046325322187,152,13,26,113,42,0.05024793388429752,0.004297520661157025,63.9,71.06650831353917,80.54081125827814,50.9,59.393250444049734,70.64109461966603,554.0,1263.0,1208.0,513.0,1126.0,1078.0,31.0,56.0,65.0,1.0,5.0,7.0,1.0,5.0,3.0,80.47304453152,1136,-17.40422633018,97.8772708617,537.0,599.0,0.07083894765098592,-0.032410104897914335,0.1634011199694491
2024,HOU,11,3986,2353,6339,66.18743100852984,59.90701232469188,62.681763685123826,213,42,34,137,44,0.05343702960361264,0.010536879076768691,65.45369649805447,51.184972677595624,75.44924731182795,62.11920529801324,53.04377811094452,62.902957486136785,1028.0,1098.0,1860.0,604.0,667.0,1082.0,41.0,76.0,96.0,8.0,15.0,19.0,2.0,4.0,5.0,-47.980177015239995,1231,-51.962005675140006,3.9818286598999997,448.0,783.0,-0.03897658571506092,-0.11598661981058037,0.005085349501787994
2024,IND,11,3044,2391,5436,69.04802890932983,71.73822668339606,71.13548565121413,154,22,24,108,38,0.05059132720105125,0.007227332457293035,67.93639344262294,68.15012325390303,70.50312243221036,65.07770833333333,71.39706190975865,75.41482254697286,610.0,1217.0,1217.0,480.0,953.0,958.0,21.0,66.0,67.0,1.0,10.0,11.0,3.0,4.0,4.0,-50.80755722453,1075,-33.811348283399994,-16.996208941130007,470.0,605.0,-0.04726284392979535,-0.07193903890085106,-0.028092907340710755
2024,JAX,9,2967,1854,4821,67.48574317492417,59.0992448759439,63.775046670815186,107,14,18,75,18,0.03606336366700371,0.0047185709470845974,61.53525741029641,69.9401090342679,68.12188099808061,55.78778625954198,58.6535,61.60756429652042,641.0,1284.0,1042.0,393.0,800.0,661.0,15.0,39.0,53.0,3.0,4.0,7.0,2.0,4.0,3.0,-22.0642276772,1025,-25.775098663199998,3.7108709860000086,387.0,638.0,-0.021526075782634147,-0.06660232212713178,0.005816412203761769
2024,KC,11,4267,2357,6627,,69.90407297411964,70.6347215934812,198,24,42,132,49,0.0464026247949379,0.005624560581204594,91.21019929660024,67.4632012352033,,90.0854077253219,71.78993476234857,55.933374083129586,853.0,1943.0,1471.0,466.0,1073.0,818.0,7.0,88.0,103.0,0.0,6.0,18.0,2.0,4.0,5.0,78.3851829747,1292,-30.054076549499992,108.4392595242,450.0,842.0,0.06066964626524768,-0.06678683677666665,0.12878771914988124
2024,LA,11,3456,2415,5871,57.10008680555556,73.32,68.52217680122637,182,24,40,118,38,0.052662037037037035,0.006944444444444444,39.16012558869702,55.7959741193386,66.37303921568628,64.66666666666667,75.3007399577167,75.52635270541083,637.0,1391.0,1428.0,471.0,946.0,998.0,33.0,65.0,84.0,3.0,8.0,13.0,2.0,4.0,5.0,30.9751961489,1196,-43.7698619159,74.7450580648,484.0,712.0,0.025898993435535117,-0.09043359899979339,0.10497901413595506
2024,LAC,10,3362,2268,5630,,67.22451499118165,68.37243339253996,162,28,31,103,33,0.04818560380725759,0.008328375966686495,51.497321428571425,,83.3420208500401,64.61955555555555,62.171,74.83545232273838,672.0,1443.0,1247.0,450.0,1000.0,818.0,30.0,82.0,50.0,4.0,15.0,9.0,2.0,5.0,3.0,19.765109595579002,1100,-39.732780607921,59.497890203500006,437.0,663.0,0.017968281450526365,-0.09092169475496796,0.08974040754675718
2024,LV,9,3771,1893,5666,68.73211349774596,66.6715795034337,68.05328273914577,196,25,28,143,38,0.05197560328825245,0.006629541235746487,65.4,68.24579439252336,70.31283244680851,50.2,70.60642939150401,67.65664062500001,448.0,1819.0,1504.0,254.0,871.0,768.0,17.0,80.0,99.0,2.0,8.0,15.0,1.0,5.0,3.0,-145.6940446042,1108,-101.55196817150001,-44.1420764327,361.0,747.0,-0.1314928200398917,-0.2813073910567867,-0.0590924717974565
2024,MIA,9,3532,2108,5640,63.75911664779162,64.65426944971537,65.08554964539007,137,20,16,101,43,0.038788221970554926,0.0056625141562853904,70.2,51.070935251798566,72.88921568627451,75.8,57.619277108433735,65.94630715123094,714.0,1390.0,1428.0,425.0,830.0,853.0,14.0,62.0,61.0,2.0,8.0,10.0,1.0,3.0,5.0,-45.33437808612,1128,-106.0788302177,60.74445213158,432.0,696.0,-0.04019005149478723,-0.2455528477261574,0.0872765116833046
2024,MIN,8,3889,2433,6322,65.11828233479044,65.27361282367448,65.23266371401455,239,34,28,177,43,0.06145538698894317,0.008742607354075598,50.5,62.96027397260274,73.25367863449088,70.5,58.0617136659436,69.31171428571429,730.0,1460.0,1699.0,461.0,922.0,1050.0,38.0,91.0,110.0,4.0,15.0,15.0,1.0,3.0,4.0,13.934918575800001,1163,-49.962016540600004,63.896935116399995,436.0,727.0,0.01198187323800516,-0.11459178105642202,0.08789124500192572
2024,NE,14,3403,1991,5395,,50.5401305876444,51.42422613531048,212,31,35,146,52,0.06229797237731413,0.00910960916838084,53.285483870967745,,53.68962181178541,57.52801120448179,51.550260145681584,45.39093610698365,620.0,1646.0,1137.0,357.0,961.0,673.0,22.0,100.0,90.0,5.0,11.0,15.0,3.0,7.0,4.0,-85.38193788423,1082,-73.83411585015,-11.54782203408,395.0,687.0,-0.07891121800760628,-0.18692181227886076,-0.016809056818165937
2024,NO,10,3074,2013,5087,54.589557579700724,68.7652260307998,63.4451149990171,168,16,23,129,40,0.05465191932335719,0.00520494469746259,57.54106666666667,51.59840464104423,56.8759090909091,78.31450980392155,65.2091693635383,69.80180505415163,375.0,1379.0,1320.0,255.0,927.0,831.0,15.0,60.0,93.0,1.0,4.0,11.0,2.0,6.0,2.0,-63.456765688400004,1080,-15.046299399799999,-48.41046628859999,423.0,657.0,-0.0587562645262963,-0.0355704477536643,-0.07368411916073057
2024,NYG,11,3638,1990,5628,58.8473062122045,63.27050251256281,60.83415067519546,215,30,47,138,43,0.05909840571742716,0.008246289169873557,50.2,61.25769736842105,60.15326086956521,67.0,58.17515006002401,66.91390243902438,646.0,1520.0,1472.0,337.0,833.0,820.0,28.0,78.0,109.0,6.0,9.0,15.0,1.0,4.0,6.0,-101.2042106638,1103,-45.7014273625,-55.50278330130001,388.0,715.0,-0.09175359081033545,-0.11778718392396907,-0.07762627035146855
2024,NYJ,13,3805,1905,5710,,71.1358530183727,70.31439579684763,153,26,27,100,43,0.040210249671484885,0.00683311432325887,64.7793717277487,,64.84509803921569,71.92993762993764,78.09573529411765,64.26129032258065,955.0,1371.0,1479.0,481.0,680.0,744.0,31.0,41.0,81.0,5.0,10.0,11.0,2.0,5.0,6.0,0.8389316548200005,1063,-36.77122477649999,37.61015643131999,354.0,709.0,0.000789211340376294,-0.10387351631779658,0.053046765065331444
2024,PHI,12,3479,3673,7152,67.76651336590974,74.93697250204193,74.32624440715882,191,30,17,144,47,0.054900833572865765,0.00862316757688991,55.35784753363229,62.21384399156712,79.44844989185292,65.85850622406639,71.16165562913908,83.45395833333332,669.0,1423.0,1387.0,723.0,1510.0,1440.0,35.0,81.0,75.0,6.0,12.0,12.0,3.0,5.0,4.0,164.92036759082,1390,38.116228285999995,126.80413930482,701.0,689.0,0.11864774646821583,0.05437407744079885,0.1840408407907402
2024,PIT,11,3309,2586,5895,63.029162889090365,65.54261407579273,65.63158608990669,170,31,24,115,32,0.05137503777576307,0.009368389241462678,65.52045454545454,63.56189047261815,61.24012158054711,76.20544747081712,63.3293893129771,62.455468749999994,660.0,1333.0,1316.0,514.0,1048.0,1024.0,16.0,64.0,90.0,1.0,6.0,24.0,2.0,5.0,4.0,-27.0971527901,1155,-62.2615171551,35.164364365,499.0,656.0,-0.023460738346406926,-0.12477257946913828,0.05360421397103658
2024,SEA,12,3620,1877,5498,60.15375690607735,63.276664890783174,60.90858493997817,232,35,32,165,54,0.06408839779005525,0.009668508287292817,60.23011049723757,53.17465469613259,67.09468232044199,68.11688311688312,57.13565683646112,66.91970509383378,724.0,1448.0,1448.0,385.0,746.0,746.0,19.0,95.0,118.0,2.0,16.0,17.0,3.0,4.0,5.0,-16.8033987253,1083,-45.6373729549,28.833974229600003,361.0,722.0,-0.015515603624469066,-0.12641931566454295,0.03993625239556787
2024,SF,13,3303,2145,5450,67.24026642446262,71.9794871794872,71.53133944954128,168,10,20,138,36,0.05086285195277021,0.003027550711474417,55.14741641337386,66.6,73.9894333843798,71.26060606060607,73.30468384074942,71.02436194895591,658.0,1339.0,1306.0,429.0,854.0,862.0,26.0,67.0,75.0,1.0,4.0,5.0,2.0,5.0,6.0,65.2171282412,1065,-25.0792431577,90.29637139889998,423.0,642.0,0.06123674013258216,-0.05928899091654846,0.14064855358084108
2024,TB,9,3611,2331,5943,,63.25812955812956,68.33533568904593,121,13,9,99,42,0.0335087233453337,0.003600110772639158,65.0595567867036,,,56.55797101449275,60.87390829694324,69.07371244635193,722.0,1444.0,1445.0,483.0,916.0,932.0,24.0,55.0,42.0,1.0,5.0,7.0,2.0,3.0,4.0,154.6993899017,1175,-2.1949124564999956,156.8943023582,460.0,715.0,0.13165905523548935,-0.004771548818478251,0.21943259071076923
2024,TEN,13,3434,2328,5764,60.39359347699476,55.92319587628866,56.31125954198474,202,34,38,130,53,0.058823529411764705,0.009900990099009901,57.099740259740265,64.73378277153557,57.94221218961625,54.99395604395604,54.913501144164755,57.45385462555066,770.0,1335.0,1329.0,546.0,874.0,908.0,30.0,62.0,110.0,1.0,12.0,21.0,3.0,4.0,6.0,-110.35042339070999,1088,-74.87922114571002,-35.47120224499999,435.0,653.0,-0.10142502149881433,-0.17213614056485063,-0.0543203709724349
2024,WAS,9,4196,2739,6940,62.23424690181124,60.77798466593647,62.27250720461095,197,20,19,158,40,0.04694947569113441,0.004766444232602479,59.123459715639804,63.424608641202255,62.64706552706553,61.47535971223022,63.501644100580265,57.98946910356832,844.0,1597.0,1755.0,556.0,1034.0,1149.0,30.0,71.0,96.0,4.0,5.0,11.0,2.0,2.0,5.0,185.84717400114,1365,5.294842706940003,180.55233129419997,534.0,831.0,0.13615177582501098,0.009915435780786522,0.21727115679205772
