Rk,Player,AV,From,To,G,GS,Pos,Team
1,Penei Sewell,55,2021,2024,71,71,RT/LT,DET
2,Tristan Wirfs,53,2021,2024,68,68,RT,TAM
3,Lane Johnson,51,2021,2024,68,68,RT,PHI
4,Trent Williams,51,2021,2024,63,63,LT,SFO
5,Dion Dawkins,50,2021,2024,73,72,LT,BUF
6,Joe Thuney,45,2021,2024,77,77,LG,KAN
7,Zack Martin,44,2021,2024,62,62,RG,DAL
8,Creed Humphrey,43,2021,2024,81,81,C,KAN
9,Orlando Brown Jr.,41,2021,2024,67,67,LT,"CIN,KAN"
10,Jason Kelce,41,2021,2023,56,56,C,PHI
11,Joel Bitonio,38,2021,2024,67,67,LG,CLE
12,Chris Lindstrom,37,2021,2024,67,67,RG,ATL
13,Brian O'Neill,37,2021,2024,65,65,RT,MIN
14,Quenton Nelson,35,2021,2024,64,64,LG,IND
15,Frank Ragnow,35,2021,2024,55,55,C,DET
16,Spencer Brown,34,2021,2024,68,65,RT,BUF
17,Jordan Mailata,34,2021,2024,68,68,LT,PHI
18,Rashawn Slater,34,2021,2024,52,52,LT,LAC
19,Landon Dickerson,33,2021,2024,72,71,LG,PHI
20,Trey Smith,33,2021,2024,80,80,RG,KAN
21,Tyler Biadasz,32,2021,2024,71,71,C,"DAL,WAS"
22,Taylor Decker,32,2021,2024,59,59,LT,DET
23,Elgton Jenkins,32,2021,2024,58,58,LT,GNB
24,Jonah Williams,32,2021,2024,60,60,LT,"ARI,CIN"
25,Alex Cappa,31,2021,2024,69,69,RG,"CIN,TAM"
26,Ted Karras,31,2021,2024,71,67,LG,"CIN,NWE"
27,Mitch Morse,31,2021,2024,70,70,C,"BUF,JAX"
28,Terence Steele,31,2021,2024,65,61,RT/LT,DAL
29,Jake Matthews,30,2021,2024,68,68,LT,ATL
30,Dan Moore,30,2021,2024,69,69,LT,PIT
31,Jon Runyan Jr.,30,2021,2024,67,66,LG,"GNB,NYG"
32,Rob Havenstein,29,2021,2024,64,64,RT,LAR
33,Kaleb McGary,29,2021,2024,63,63,RT,ATL
34,Connor McGovern,29,2021,2024,72,60,LG,"BUF,DAL"
35,Josh Myers,29,2021,2024,60,60,C,GNB
36,Jawaan Taylor,29,2021,2024,76,76,RT,"JAX,KAN"
37,Kevin Zeitler,29,2021,2024,66,66,RG,"BAL,DET"
38,Morgan Moses,28,2021,2024,65,64,RT,"BAL,NYJ"
39,Laremy Tunsil,28,2021,2024,57,57,LT,HOU
40,Terron Armstead,27,2021,2024,48,48,LT,"MIA,NOR"
41,Robert Hunt,27,2021,2024,63,62,RG,"CAR,MIA"
42,Kolton Miller,27,2021,2024,64,62,LT,LVR
43,Taylor Moton,27,2021,2024,65,65,RT,CAR
44,Brandon Scherff,27,2021,2024,64,64,RG,"JAX,WAS"
45,Wyatt Teller,27,2021,2024,63,62,RG,CLE
46,Evan Brown,26,2021,2024,63,57,C,"ARI,DET,SEA"
47,Damien Lewis,26,2021,2024,62,62,LG,"CAR,SEA"
48,Tyler Linderbaum,26,2022,2024,54,54,C,BAL
49,Mike McGlinchey,26,2021,2024,58,58,RT,"DEN,SFO"
50,Quinn Meinerz,26,2021,2024,63,57,RG,DEN
51,Trey Pipkins,26,2021,2024,59,49,T,LAC
52,Tyron Smith,26,2021,2024,42,42,LT,"DAL,NYJ"
53,Tyler Smith,26,2022,2024,50,50,LT,DAL
54,Andrew Wylie,26,2021,2024,68,62,RT,"KAN,WAS"
55,Liam Eichenberg,25,2021,2024,61,53,LT,MIA
56,Andre James,25,2021,2024,62,60,C,LVR
57,Shaq Mason,25,2021,2024,69,69,RG,"HOU,NWE,TAM"
58,Ronnie Stanley,25,2021,2024,47,47,T,BAL
59,Laken Tomlinson,25,2021,2024,71,71,LG,"NYJ,SEA,SFO"
60,Kelvin Beachum,24,2021,2024,60,47,RT,ARI
61,Garett Bolles,24,2021,2024,54,54,LT,DEN
62,Jake Brendel,24,2021,2024,76,57,C,SFO
63,Ezra Cleveland,24,2021,2024,65,61,LG,"JAX,MIN"
64,Samuel Cosmi,24,2021,2024,59,51,RT,WAS
65,Kevin Dotson,24,2021,2024,59,59,LG,"LAR,PIT"
66,D.J. Humphries,24,2021,2024,44,42,LT,"ARI,KAN"
67,Ryan Kelly,24,2021,2024,55,55,C,IND
68,Ben Powers,24,2021,2024,66,65,LG,"BAL,DEN"
69,Cam Robinson,24,2021,2024,55,55,LT,"JAX,MIN"
70,Cesar Ruiz,24,2021,2024,60,60,RG/C,NOR
71,John Simpson,24,2021,2024,65,56,LG,"BAL,LVR,NYJ"
72,Garrett Bradbury,23,2021,2024,58,58,C,MIN
73,Charles Cross,23,2022,2024,49,49,LT,SEA
74,Christian Darrisaw,23,2021,2024,49,47,LT,MIN
75,Andrew Thomas,23,2021,2024,47,47,LT,NYG
76,Cordell Volson,23,2022,2024,53,51,LG,CIN
77,Aaron Brewer,22,2021,2024,64,56,G,"MIA,TEN"
78,Graham Glasgow,22,2021,2024,61,55,RG,"DEN,DET"
79,Tytus Howard,22,2021,2024,57,57,LG,HOU
80,Jonah Jackson,22,2021,2024,49,47,LG,"DET,LAR"
81,Erik McCoy,22,2021,2024,49,49,C,NOR
82,Isaac Seumalo,22,2021,2024,55,55,LG,"PHI,PIT"
83,Braden Smith,22,2021,2024,49,49,RT,IND
84,Connor Williams,22,2021,2024,54,51,LG,"DAL,MIA,SEA"
85,Aaron Banks,21,2021,2024,60,49,G,SFO
86,Bradley Bozeman,21,2021,2024,68,62,C,"BAL,CAR,LAC"
87,David Edwards,21,2021,2024,63,44,LG,"BUF,LAR"
88,Will Hernandez,21,2021,2024,52,52,RG,"ARI,NYG"
89,Zion Johnson,21,2022,2024,51,51,RG,LAC
90,Charles Leno Jr.,21,2021,2023,47,47,LT,WAS
91,Michael Onwenu,21,2021,2024,66,57,LT/RT,NWE
92,Lucas Patrick,21,2021,2024,52,44,C,"CHI,GNB,NOR"
93,Donovan Smith,21,2021,2023,49,49,LT,"KAN,TAM"
94,Zach Tom,21,2022,2024,46,42,LT,GNB
95,David Andrews,20,2021,2024,53,53,C,NWE
96,Lloyd Cushenberry III,20,2021,2024,49,49,C,"DEN,TEN"
97,James Daniels,20,2021,2024,54,54,RG,"CHI,PIT"
98,Ikem Ekwonu,20,2022,2024,49,49,LT,CAR
99,Corey Linsley,20,2021,2023,34,34,C,LAC
100,Dalton Risner,20,2021,2024,56,50,LG,"DEN,MIN"
101,Rodger Saffold,20,2021,2022,34,34,LG,"BUF,TEN"
102,Coleman Shelton,20,2021,2024,69,50,C,"CHI,LAR"
103,Rasheed Walker,20,2022,2024,38,35,T,GNB
104,Jermaine Eluemunor,19,2021,2024,64,49,G,"LVR,NYG"
105,Hjalte Froholdt,19,2021,2024,57,40,G,"ARI,CLE"
106,James Hurst,19,2021,2023,48,46,LT,NOR
107,Austin Jackson,19,2021,2024,44,43,LG,MIA
108,Patrick Mekari,19,2021,2024,68,42,RT,BAL
109,Daniel Brunskill,18,2021,2024,68,46,RG,"SFO,TEN"
110,Austin Corbett,18,2021,2024,47,47,RG,"CAR,LAR"
111,Matt Feiler,18,2021,2023,49,40,LG,"LAC,TAM"
112,Luke Goedeke,18,2022,2024,45,42,LG,TAM
113,Yosh Nijman,18,2021,2024,70,25,LT,"CAR,GNB"
114,Ethan Pocic,18,2021,2024,58,55,C,"CLE,SEA"
115,Bernhard Raimann,18,2022,2024,45,40,LT,IND
116,Ryan Ramczyk,18,2021,2023,38,38,RT,NOR
117,Greg Van Roten,18,2021,2024,69,48,RG,"BUF,LVR,NYG,NYJ"
118,Cody Whitehair,18,2021,2023,46,40,LG,CHI
119,Jedrick Wills Jr.,18,2021,2024,43,42,LT,CLE
120,Ben Bredeson,17,2021,2024,55,43,G,"NYG,TAM"
121,Duane Brown,17,2021,2023,34,32,LT,"NYJ,SEA"
122,Drew Dalman,17,2021,2024,57,40,C,ATL
123,George Fant,17,2021,2024,43,39,T,"HOU,NYJ,SEA"
124,Luke Fortner,17,2022,2024,53,36,C,JAX
125,Mark Glowinski,17,2021,2024,52,43,RG,"IND,NYG"
126,Ed Ingram,17,2022,2024,50,42,RG,MIN
127,Alaric Jackson,17,2021,2024,46,38,T,LAR
128,Braxton Jones,17,2022,2024,40,40,LT,CHI
129,Cornelius Lucas,17,2021,2024,65,30,T,WAS
130,Sam Mustipher,17,2021,2024,56,36,C,"BAL,CHI,LAC"
131,Chukwuma Okorafor,17,2021,2024,49,42,RT,"NWE,PIT"
132,Dylan Parham,17,2022,2024,49,48,LG,LVR
133,Jamaree Salyer,17,2022,2024,53,37,LT,LAC
134,Isaiah Wynn,17,2021,2024,38,32,LT,"MIA,NWE"
135,Trent Brown,16,2021,2024,41,37,RT,"CIN,NWE"
136,Mason Cole,16,2021,2023,49,42,C,"MIN,PIT"
137,Nate Davis,16,2021,2024,43,40,RG,"CHI,TEN"
138,Robert Hainsey,16,2021,2024,65,37,T,TAM
139,Anton Harrison,16,2023,2024,33,33,T,JAX
140,Teven Jenkins,16,2021,2024,45,38,T,CHI
141,Colton McKivitz,16,2021,2024,56,39,T,SFO
142,David Quessenberry,16,2021,2024,70,25,T,"BUF,MIN,TEN"
143,O'Cyrus Torrence,16,2023,2024,39,38,G,BUF
144,La'el Collins,15,2021,2022,28,26,RT,"CIN,DAL"
145,Gabe Jackson,15,2021,2023,37,34,RG,"CAR,SEA"
146,Paris Johnson,15,2023,2024,31,31,OL,ARI
147,Josh Jones,15,2021,2024,68,24,RG,"ARI,BAL,HOU"
148,Robert Jones,15,2021,2024,51,32,G,MIA
149,Abraham Lucas,15,2022,2024,30,30,RT,SEA
150,Cody Mauch,15,2023,2024,37,37,G,TAM
151,Connor McGovern,15,2021,2024,46,44,C,"NOR,NYJ"
152,Matt Pryor,15,2021,2024,65,29,LT,"CHI,IND,SFO"
153,Nick Allegretti,14,2021,2024,81,26,G,"KAN,WAS"
154,Larry Borom,14,2021,2024,47,27,RT,CHI
155,Spencer Burford,14,2022,2024,51,32,RG,SFO
156,Cam Jurgens,14,2022,2024,52,31,C,PHI
157,Royce Newman,14,2021,2023,54,24,RG,GNB
158,Darnell Wright,14,2023,2024,33,33,OL,CHI
159,Ryan Bates,13,2021,2024,58,25,G,"BUF,CHI"
160,Matthew Bergeron,13,2023,2024,34,34,OL,ATL
161,Brady Christensen,13,2021,2024,51,30,LT,CAR
162,Jon Feliciano,13,2021,2023,47,33,LG,"BUF,NYG,SFO"
163,Cody Ford,13,2021,2024,61,20,RG,"ARI,BUF,CIN"
164,Ben Jones,13,2021,2022,30,30,C,TEN
165,Broderick Jones,13,2023,2024,36,29,T,PIT
166,Justin Pugh,13,2021,2023,32,31,LG,"ARI,NYG"
167,Tyler Shatley,13,2021,2023,53,28,C,JAX
168,Alijah Vera-Tucker,13,2021,2024,36,36,LG,NYJ
169,Steve Avila,12,2023,2024,30,30,LG,LAR
170,Mekhi Becton,12,2021,2024,36,36,T,"NYJ,PHI"
171,Blake Brandel,12,2021,2024,58,23,LG,MIN
172,Jack Conklin,12,2021,2024,34,34,RT,CLE
173,Daniel Faalele,12,2022,2024,54,20,T,BAL
174,Will Fries,12,2021,2024,41,31,T,IND
175,Kendall Lamm,12,2021,2024,47,17,T,"MIA,TEN"
176,Walker Little,12,2021,2024,57,27,T,JAX
177,Storm Norton,12,2021,2024,60,19,RT,"ATL,LAC"
178,Andrus Peat,12,2021,2024,48,30,OL,"LVR,NOR"
179,Trevor Penning,12,2022,2024,40,23,T,NOR
180,Dillon Radunz,12,2021,2024,54,31,T,TEN
181,Riley Reiff,12,2021,2023,29,22,RT,"CHI,CIN,NWE"
182,Brian Allen,11,2021,2023,32,27,C,LAR
183,Jack Driscoll,11,2021,2024,60,14,RG,PHI
184,Max Garcia,11,2021,2023,45,22,C/RG,"ARI,NOR"
185,Charlie Heck,11,2021,2024,49,22,RT,"ARI,HOU,SFO"
186,Evan Neal,11,2022,2024,31,29,T,NYG
187,Andrew Norwell,11,2021,2022,33,33,LG,"JAX,WAS"
188,Joseph Noteboom,11,2021,2024,42,21,T,LAR
189,Nicholas Petit-Frere,11,2022,2024,34,28,RT,TEN
190,Brandon Shell,11,2021,2022,23,21,RT,"MIA,SEA"
191,Peter Skoronski,11,2023,2024,31,31,OL,TEN
192,Cole Strange,11,2022,2024,30,29,LG,NWE
193,Calvin Throckmorton,11,2021,2023,46,27,LG,"CAR,NOR,TEN"
194,Joe Tippmann,11,2023,2024,33,31,C,NYJ
195,Billy Turner,11,2021,2023,36,23,RT,"DEN,GNB,NYJ"
196,Trai Turner,11,2021,2022,34,30,RG,"PIT,WAS"
197,Dennis Daley,10,2021,2023,35,25,LG,"ARI,CAR,TEN"
198,Michael Deiter,10,2021,2024,64,22,G,"HOU,MIA,WAS"
199,Andre Dillard,10,2021,2024,57,15,LT,"GNB,PHI,TEN"
200,Stone Forsythe,10,2021,2024,54,14,T,SEA